Date,Open,High,Low,Close,Volume
2018-01-01,154.63,156.75,152.0,155.14,80400
2018-01-02,153.0,162.0,152.65,157.53,95300
2018-01-03,158.74,159.49,154.0,154.3,35500
2018-01-04,152.5,156.98,152.5,154.99,30900
2018-01-05,153.86,161.0,153.86,158.56,93600
2018-01-08,160.5,165.0,157.01,157.71,207100
2018-01-09,158.95,165.59,158.6,164.98,449800
2018-01-10,167.0,171.5,166.01,168.75,339700
2018-01-11,168.9,168.9,163.0,163.66,161000
2018-01-12,162.65,163.0,155.5,156.59,49800
2018-01-15,153.05,155.4,148.85,149.38,37600
2018-01-16,150.0,156.5,149.51,153.18,88700
2018-01-17,152.5,154.89,151.6,154.33,47600
2018-01-18,157.25,159.9,154.75,156.89,73000
2018-01-19,158.4,163.0,157.0,162.14,134100
2018-01-22,163.49,167.0,162.0,163.42,133800
2018-01-23,164.25,165.0,162.0,162.78,84100
2018-01-24,164.44,167.0,161.0,163.02,105300
2018-01-25,163.0,163.47,160.02,161.11,42100
2018-01-26,162.0,162.0,155.02,156.78,59400
2018-01-29,158.5,164.61,158.01,164.61,125400
2018-01-30,170.99,172.84,166.0,168.89,501900
2018-01-31,170.5,177.33,170.5,177.33,344100
2018-02-01,186.0,186.19,184.0,186.19,53400
2018-02-02,195.49,195.49,195.49,195.49,12600
2018-02-06,197.99,205.26,192.0,205.26,456400
2018-02-07,213.99,215.52,206.5,207.71,438500
2018-02-08,211.99,218.09,205.0,206.26,560100
2018-02-09,203.0,203.0,195.95,196.77,333100
2018-02-12,196.5,197.45,188.01,189.39,138000
2018-02-13,191.02,198.85,190.11,198.85,241100
2018-02-14,197.8,206.9,191.0,193.21,261800
2018-02-15,193.0,200.0,188.0,189.82,133500
2018-02-16,190.0,195.0,189.0,193.51,100300
2018-02-19,195.01,198.25,193.0,193.66,69800
2018-02-20,192.0,192.0,183.98,185.85,129200
2018-02-21,192.0,193.0,184.51,187.01,101000
2018-02-22,181.5,196.36,181.5,194.74,310400
2018-02-23,204.0,204.47,196.27,204.47,678600
2018-02-26,208.98,210.5,200.0,202.2,707200
2018-02-27,198.0,203.98,194.5,195.62,143200
2018-02-28,195.8,200.0,194.25,195.03,81500
2018-03-01,195.82,204.78,195.82,200.98,399600
2018-03-02,201.0,211.02,201.0,211.02,511300
2018-03-05,212.5,221.57,212.5,221.57,528100
2018-03-06,226.26,232.64,218.0,224.0,1263000
2018-03-07,224.98,226.48,220.0,222.76,289000
2018-03-08,221.0,233.89,221.0,233.89,504900
2018-03-09,237.5,245.58,237.5,244.67,896700
2018-03-12,243.5,249.99,236.07,237.56,304800
2018-03-13,239.0,244.1,236.25,237.33,335500
2018-03-14,237.0,242.0,232.0,232.9,153100
2018-03-15,233.01,237.0,228.0,229.0,187600
2018-03-16,228.5,235.0,223.1,230.34,460300
2018-03-19,230.35,241.85,230.35,241.85,688000
2018-03-20,245.0,249.5,236.0,237.18,687000
2018-03-21,239.01,249.03,233.75,249.03,774500
2018-03-22,255.0,261.48,247.0,261.24,1021500
2018-03-26,265.0,272.45,262.11,266.84,1137200
2018-03-27,269.0,272.5,261.1,263.3,424500
2018-03-28,263.0,274.0,258.02,270.19,1330600
2018-03-29,269.5,272.79,262.31,265.41,597100
2018-03-30,266.01,266.9,256.0,258.91,298300
2018-04-02,261.0,270.0,260.2,267.83,401900
2018-04-03,269.9,272.5,267.5,268.27,815900
2018-04-04,268.5,270.9,263.0,264.36,427400
2018-04-05,266.0,267.9,259.9,261.0,169500
2018-04-06,263.8,270.75,259.15,265.75,621800
2018-04-09,265.99,267.74,263.22,264.03,145400
2018-04-10,264.97,266.5,261.6,265.22,205100
2018-04-11,264.98,272.0,261.1,263.73,715900
2018-04-12,265.25,265.5,250.55,250.87,1207500
2018-04-13,248.21,263.41,248.2,263.36,1917900
2018-04-16,265.9,267.99,257.0,259.04,1068700
2018-04-17,260.4,260.5,253.5,255.65,427700
2018-04-18,256.0,267.5,254.0,262.74,1014300
2018-04-19,263.0,263.0,254.01,256.13,327300
2018-04-20,257.9,257.9,252.1,253.32,100800
2018-04-23,253.0,258.0,252.25,255.14,273000
2018-04-24,256.0,259.99,242.39,244.53,434300
2018-04-25,233.5,238.6,232.31,232.35,1032200
2018-04-26,233.99,237.0,228.65,230.0,337700
2018-04-27,232.8,235.0,231.1,232.49,119800
2018-04-30,233.0,235.0,229.0,229.19,120800
2018-05-02,228.5,229.51,223.5,224.36,119500
2018-05-03,222.1,222.99,213.15,213.17,493800
2018-05-04,211.5,223.82,209.0,218.15,446900
2018-05-07,195.1,202.93,195.0,202.93,47800
2018-05-08,209.0,213.07,207.55,213.07,508900
2018-05-09,217.8,217.8,204.0,207.63,209600
2018-05-10,208.0,210.3,205.1,206.19,65800
2018-05-11,208.0,215.0,204.5,205.83,114200
2018-05-14,202.0,202.75,195.54,195.54,151700
2018-05-15,194.0,202.99,192.0,198.22,324600
2018-05-16,199.99,202.0,196.0,196.48,82000
2018-05-17,195.1,196.0,187.06,188.45,28200
2018-05-18,185.2,186.0,180.0,180.83,150900
2018-05-21,179.99,183.99,173.01,175.56,66400
2018-05-22,175.0,179.49,172.0,176.12,125700
2018-05-23,177.0,178.0,171.05,171.5,104000
2018-05-24,168.0,170.5,165.01,166.28,70500
2018-05-25,166.05,166.05,161.03,162.32,45600
2018-05-28,160.1,163.99,158.5,161.73,113000
2018-05-29,166.0,169.81,163.0,169.81,79000
2018-05-30,178.3,178.3,178.3,178.3,6100
2018-05-31,187.21,187.21,182.21,187.21,282500
2018-06-01,189.9,196.57,183.88,196.57,138400
2018-06-04,201.0,205.99,199.0,201.57,169100
2018-06-05,202.88,202.88,191.5,191.52,315300
2018-06-06,188.0,189.0,181.95,182.15,269800
2018-06-07,178.51,189.5,178.51,185.22,361400
2018-06-11,186.1,186.8,175.96,177.21,82000
2018-06-12,176.01,176.01,168.35,169.3,57600
2018-06-13,166.99,177.76,166.99,177.76,95900
2018-06-14,181.0,185.9,181.0,183.01,141900
2018-06-19,184.5,192.16,184.5,192.16,298400
2018-06-20,195.0,196.88,184.05,185.93,368900
2018-06-21,182.01,183.99,177.01,178.16,109100
2018-06-22,178.0,184.5,170.0,170.73,157000
2018-06-25,170.99,173.73,166.99,168.01,155600
2018-06-26,168.06,176.41,168.06,175.89,437200
2018-06-27,176.0,182.99,175.55,179.87,350100
2018-06-28,178.6,188.86,176.0,182.88,450200
2018-06-29,183.0,183.3,178.5,179.67,152600
2018-07-02,180.99,182.0,178.0,178.73,61000
2018-07-03,177.01,179.0,175.5,176.02,27100
2018-07-04,173.05,174.0,167.22,167.22,107200
2018-07-05,165.0,170.0,163.0,166.68,147100
2018-07-06,165.0,168.9,163.15,165.99,110200
2018-07-09,170.0,170.0,157.7,157.7,161300
2018-07-10,154.0,157.48,149.82,155.48,311400
2018-07-11,155.95,157.99,151.0,151.87,190900
2018-07-12,150.0,150.0,146.0,149.08,129400
2018-07-13,148.01,153.0,148.01,151.83,258100
2018-07-16,151.5,156.53,149.1,152.12,162400
2018-07-17,153.0,154.7,150.0,152.37,250300
2018-07-18,152.98,157.5,151.5,155.5,291400
2018-07-19,156.99,163.27,154.0,159.11,912700
2018-07-20,159.99,160.0,153.49,154.36,202900
2018-07-23,153.0,154.0,151.0,152.34,74400
2018-07-24,154.88,158.5,154.5,157.15,244000
2018-07-26,160.0,161.0,157.1,158.35,250400
2018-07-27,160.0,166.26,158.6,166.26,445100
2018-07-30,170.99,174.57,170.99,174.57,125900
2018-07-31,178.0,178.98,165.85,165.87,925500
2018-08-01,165.0,168.8,163.0,165.85,250500
2018-08-02,167.75,168.0,163.51,164.13,143100
2018-08-03,163.1,172.33,162.0,167.97,532400
2018-08-06,168.9,173.0,168.9,170.32,320600
2018-08-07,170.25,171.0,167.0,167.7,180700
2018-08-08,168.05,171.7,166.51,167.45,420600
2018-08-09,169.0,170.99,167.7,168.09,278900
2018-08-10,169.8,169.97,163.75,165.05,143600
2018-08-13,164.9,167.47,162.0,162.4,125600
2018-08-15,163.99,164.0,154.28,154.37,227900
2018-08-16,156.87,156.87,150.0,151.83,167600
2018-08-17,152.3,159.42,152.3,157.68,300500
2018-08-20,159.0,164.45,158.01,161.55,325200
2018-08-24,162.0,164.11,159.99,160.29,104500
2018-08-27,161.4,162.01,157.5,158.25,173200
2018-08-28,159.1,161.0,157.5,158.09,113100
2018-08-29,157.8,158.01,153.0,153.89,82200
2018-08-30,154.0,155.59,151.5,152.68,96400
2018-08-31,153.99,156.79,153.21,153.57,128500
2018-09-03,153.02,154.0,146.9,150.63,77700
2018-09-04,150.5,158.16,150.0,157.13,322400
2018-09-05,156.5,156.5,152.0,153.58,149600
2018-09-06,152.6,153.98,145.91,145.95,245400
2018-09-07,145.0,146.0,138.71,139.89,139100
2018-09-10,141.0,142.1,137.5,140.43,124500
2018-09-11,142.2,144.45,141.05,141.56,87600
2018-09-12,141.98,145.0,140.2,142.36,138300
2018-09-13,140.5,143.7,140.11,141.39,86800
2018-09-14,144.8,146.5,142.04,143.42,238700
2018-09-17,143.0,143.0,139.0,139.81,67100
2018-09-18,137.51,145.53,137.51,142.75,171600
2018-09-19,143.94,149.88,142.75,146.62,504900
2018-09-24,148.9,152.5,141.15,143.88,286400
2018-09-25,143.89,145.0,136.69,136.77,234000
2018-09-26,137.1,139.49,129.95,130.45,201600
2018-09-27,128.0,130.31,124.05,125.19,156200
2018-09-28,126.0,127.94,123.01,123.6,90400
2018-10-01,123.0,123.0,120.0,121.43,58100
2018-10-02,122.8,125.99,121.5,122.19,162400
2018-10-03,121.98,122.8,120.0,120.36,57400
2018-10-04,118.75,119.01,114.35,114.35,119400
2018-10-05,112.25,112.25,108.64,108.64,142700
2018-10-08,108.0,108.0,103.21,103.21,135400
2018-10-09,102.0,107.0,98.05,98.05,251300
2018-10-10,95.25,95.5,93.15,93.23,274400
2018-10-11,93.0,95.65,88.57,89.24,761200
2018-10-12,89.0,89.0,84.78,84.78,118700
2018-10-15,82.25,83.0,80.55,80.55,137100
2018-10-16,80.0,81.5,76.53,76.53,384100
2018-10-17,75.99,80.35,75.0,79.03,483600
2018-10-18,79.5,82.98,77.1,81.03,710700
2018-10-19,81.06,85.08,80.01,85.01,1059000
2018-10-22,86.0,88.74,84.01,85.3,1242400
2018-10-23,85.29,85.29,81.04,81.04,403900
2018-10-24,83.5,85.09,81.81,84.97,1626200
2018-10-25,86.49,87.0,80.73,80.96,1334000
2018-10-26,80.9,82.0,78.0,81.51,411300
2018-10-29,83.4,85.58,83.1,85.58,555200
2018-10-30,89.85,89.85,87.0,89.85,448400
2018-10-31,94.34,94.34,94.34,94.34,68100
2018-11-01,95.98,99.05,94.6,99.05,937700
2018-11-02,104.0,104.0,103.1,104.0,169600
2018-11-05,109.2,109.2,106.2,109.2,706200
2018-11-06,114.66,114.66,104.0,111.51,2382100
2018-11-07,117.08,117.08,113.5,117.08,618400
2018-11-08,119.9,122.93,117.03,122.4,1272100
2018-11-09,123.92,128.52,121.1,127.54,876400
2018-11-12,129.9,130.99,121.18,122.68,915000
2018-11-13,119.11,121.0,116.55,117.58,714500
2018-11-14,115.08,121.5,114.0,118.31,894300
2018-11-15,124.22,124.22,121.73,124.22,990300
2018-11-16,129.0,130.43,128.0,130.43,562400
2018-11-19,134.48,136.95,133.0,134.63,1543100
2018-11-20,132.99,133.4,127.9,128.22,924400
2018-11-22,126.55,130.5,121.81,122.22,1192900
2018-11-23,122.0,124.49,117.5,119.29,1038100
2018-11-26,119.5,121.2,115.51,116.38,569300
2018-11-27,116.1,117.29,110.57,110.75,658700
2018-11-28,111.99,116.28,111.0,116.28,913100
2018-11-29,120.0,120.01,113.55,115.51,983100
2018-11-30,116.0,116.67,109.74,109.74,625300
2018-12-03,104.26,104.26,104.26,104.26,38200
2018-12-04,99.05,102.0,99.05,99.15,905100
2018-12-05,99.5,104.1,94.2,103.4,1736700
2018-12-06,107.0,108.49,100.25,105.97,1097100
2018-12-07,103.98,109.0,102.66,107.34,891200
2018-12-10,110.0,112.7,109.52,112.7,470100
2018-12-11,115.48,115.75,107.07,108.32,957300
2018-12-12,104.99,105.5,102.91,102.95,951300
2018-12-13,102.05,106.75,100.0,102.42,596200
2018-12-14,102.9,106.5,102.25,105.28,553200
2018-12-17,104.97,106.2,103.3,104.53,381300
2018-12-18,104.49,105.4,102.0,102.44,254200
2018-12-19,102.6,102.6,98.0,98.79,292900
2018-12-20,99.69,102.47,99.0,100.12,492300
2018-12-21,99.9,103.0,97.9,99.48,395700
2018-12-24,98.81,100.8,96.2,98.95,213900
2018-12-26,98.99,100.5,97.75,98.55,220100
2018-12-27,99.0,101.2,94.1,94.94,289300
2018-12-28,95.0,95.01,90.3,91.28,209200
2018-12-31,91.05,95.84,88.0,95.03,415000
2019-01-01,95.1,97.0,94.8,95.76,387700
2019-01-02,95.99,96.94,91.01,91.79,335700
2019-01-03,92.0,92.48,88.14,89.11,109000
2019-01-04,89.0,90.8,88.55,89.08,81800
2019-01-07,89.99,91.89,89.4,90.01,336700
2019-01-08,90.85,94.51,90.2,93.56,1071500
2019-01-09,93.89,93.98,91.52,91.95,246400
2019-01-10,92.08,92.5,90.15,90.33,220500
2019-01-11,90.5,90.9,88.85,89.34,155300
2019-01-14,90.12,93.4,90.11,92.11,427900
2019-01-15,92.0,93.7,90.01,90.59,711500
2019-01-16,90.9,94.24,90.9,92.35,650700
2019-01-17,91.5,92.4,90.81,91.71,274500
2019-01-18,92.0,96.29,91.6,96.04,1977200
2019-01-21,97.0,100.84,97.0,100.84,985300
2019-01-22,104.0,105.88,101.5,105.76,1724400
2019-01-23,106.39,107.68,104.0,106.56,1570000
2019-01-24,106.56,106.56,101.24,101.24,806300
2019-01-25,97.18,97.74,96.18,96.18,791200
2019-01-28,96.0,98.89,94.11,97.08,907200
2019-01-29,97.5,100.84,96.11,97.79,1362400
2019-01-30,97.6,100.25,96.65,96.99,692800
2019-01-31,97.3,98.2,95.5,95.92,683100
2019-02-01,96.49,97.75,95.51,96.01,508900
2019-02-04,96.5,98.0,96.02,96.96,759400
2019-02-06,96.91,101.8,96.9,101.8,2057300
2019-02-07,104.0,105.0,101.5,102.33,1428300
2019-02-08,103.5,105.99,102.01,102.81,912400
2019-02-11,103.55,104.4,99.11,100.09,699700
2019-02-12,100.5,101.25,96.5,98.28,419600
2019-02-13,98.5,99.9,94.8,96.0,355900
2019-02-14,96.05,100.8,95.15,95.93,1201600
2019-02-15,96.24,97.1,92.49,92.96,735300
2019-02-18,92.5,92.5,88.32,88.4,589200
2019-02-19,88.1,89.5,86.1,86.86,312200
2019-02-20,86.0,88.75,84.65,87.03,300200
2019-02-21,87.0,89.3,85.51,87.75,212400
2019-02-22,88.0,92.13,88.0,90.99,1141800
2019-02-25,90.77,95.53,90.77,95.53,1308500
2019-02-26,96.0,98.06,90.76,90.81,1689300
2019-02-27,88.1,90.45,86.27,86.97,1266100
2019-02-28,88.7,89.5,85.0,88.15,1145300
2019-03-01,87.98,91.5,87.98,89.85,942400
2019-03-04,89.98,94.34,89.98,94.19,1325700
2019-03-05,95.0,95.35,91.0,91.58,812900
2019-03-06,91.33,92.1,90.41,90.62,314300
2019-03-07,94.5,94.8,91.01,91.52,1026000
2019-03-08,91.5,91.52,87.0,87.49,492200
2019-03-11,87.98,89.2,87.5,87.75,351800
2019-03-12,90.51,90.79,86.5,87.35,942200
2019-03-13,87.59,88.75,86.11,86.7,387200
2019-03-14,87.0,87.4,84.15,84.62,303200
2019-03-15,84.65,85.0,80.39,80.42,670100
2019-03-18,80.01,82.48,78.3,81.9,514100
2019-03-19,82.5,82.99,78.0,78.63,269900
2019-03-20,78.25,78.5,74.7,75.02,465700
2019-03-21,74.8,74.98,72.2,72.95,390000
2019-03-22,73.33,74.99,72.7,73.14,228700
2019-03-25,73.0,73.16,69.49,69.78,260000
2019-03-26,69.0,73.25,68.2,72.6,385200
2019-03-27,72.9,75.89,72.7,74.66,377100
2019-03-28,74.25,74.3,70.93,71.61,354300
2019-03-29,71.02,72.25,70.65,70.98,188900
2019-04-01,70.99,70.99,68.0,68.98,164200
2019-04-02,69.98,69.99,67.72,67.9,99400
2019-04-03,68.0,69.75,68.0,68.31,238400
2019-04-04,68.21,69.2,64.91,65.17,144900
2019-04-05,64.63,65.85,64.06,64.88,165900
2019-04-08,65.45,65.45,61.64,61.64,249500
2019-04-09,61.5,62.0,58.56,59.75,508000
2019-04-10,60.7,60.8,56.77,56.8,268200
2019-04-11,56.8,58.95,55.05,56.89,320300
2019-04-12,56.9,59.73,56.9,59.73,420100
2019-04-15,60.5,62.71,59.8,62.6,850200
2019-04-16,62.7,65.73,62.7,65.73,222400
2019-04-17,67.98,68.3,63.06,63.75,847300
2019-04-18,63.69,65.45,61.9,62.97,604300
2019-04-19,64.15,65.39,62.5,63.3,570100
2019-04-22,61.9,61.9,60.14,60.14,84200
2019-04-23,57.14,57.14,57.14,57.14,21800
2019-04-24,54.63,59.99,54.29,59.95,1165000
2019-04-25,60.0,62.48,57.61,58.46,217000
2019-04-26,58.3,61.38,58.0,61.38,320700
2019-04-29,62.33,64.44,61.49,62.56,522800
2019-04-30,61.99,63.5,59.51,62.31,483000
2019-05-02,62.0,62.9,60.6,60.81,104300
2019-05-03,60.5,63.4,60.35,62.47,271200
2019-05-06,63.2,65.55,62.5,63.93,310300
2019-05-07,63.05,64.75,61.0,61.97,142600
2019-05-08,61.98,62.5,58.88,58.88,114900
2019-05-09,57.5,60.0,55.94,56.43,142000
2019-05-10,56.0,56.4,53.8,54.56,65300
2019-05-13,56.2,57.28,51.84,51.84,207900
2019-05-14,51.11,51.51,49.25,49.45,156400
2019-05-15,49.1,51.9,49.1,50.74,202100
2019-05-16,50.98,50.98,48.21,48.21,107200
2019-05-17,45.8,46.0,45.8,45.8,38700
2019-05-20,43.8,48.09,43.51,48.09,336900
2019-05-21,48.74,50.49,47.5,50.49,367200
2019-05-22,53.01,53.01,52.02,53.01,169100
2019-05-23,55.66,55.66,54.4,55.66,152200
2019-05-24,57.0,58.44,55.99,58.44,166900
2019-05-27,61.0,61.36,59.0,61.35,227900
2019-05-28,62.0,63.0,58.5,59.12,445000
2019-05-29,59.25,62.07,59.25,61.96,272500
2019-05-30,63.88,63.99,60.0,60.69,242100
2019-06-03,60.97,61.01,57.66,57.79,102500
2019-06-10,55.55,55.55,54.91,54.91,44700
2019-06-11,52.17,57.65,52.17,55.78,563600
2019-06-12,56.11,58.0,55.98,57.42,260000
2019-06-13,57.98,60.0,57.5,59.61,193400
2019-06-14,60.6,62.5,58.6,60.24,258600
2019-06-17,60.0,60.69,58.11,58.41,113200
2019-06-18,58.51,59.4,57.1,57.47,78800
2019-06-19,57.1,57.81,56.01,56.22,57700
2019-06-20,56.79,59.03,56.7,59.03,209200
2019-06-21,60.1,61.12,57.3,57.79,191900
2019-06-24,57.21,57.21,54.91,54.91,113300
2019-06-25,53.26,55.85,52.5,53.01,104000
2019-06-26,53.5,53.5,50.36,50.53,162600
2019-06-27,51.2,51.99,49.12,50.0,121500
2019-06-28,49.45,52.5,49.0,52.43,152700
2019-07-01,54.4,55.0,51.9,53.09,370500
2019-07-02,51.56,52.21,51.16,51.68,171500
2019-07-03,51.68,54.26,51.68,54.26,289500
2019-07-04,55.6,55.74,51.8,52.14,278500
2019-07-05,51.22,51.63,50.5,50.69,80500
2019-07-08,50.5,50.5,48.16,48.34,104000
2019-07-09,49.01,50.0,48.77,49.19,97000
2019-07-10,50.0,50.0,47.7,47.85,60000
2019-07-11,48.0,48.35,46.9,47.13,134000
2019-07-12,46.5,47.31,44.8,45.03,95000
2019-07-15,43.17,43.17,42.78,42.78,112000
2019-07-16,41.0,42.48,40.65,41.91,184000
2019-07-17,42.0,43.1,40.8,41.14,71000
2019-07-18,41.5,41.5,39.09,39.13,87500
2019-07-19,38.0,41.08,37.75,41.08,180000
2019-07-22,42.0,42.5,40.5,42.02,211500
2019-07-23,41.5,42.0,40.51,41.28,70500
2019-07-24,41.3,41.5,39.85,40.14,77000
2019-07-25,39.12,40.77,38.7,40.5,56500
2019-07-26,40.7,40.7,38.48,38.48,65500
2019-07-29,38.0,38.0,36.56,36.56,39000
2019-07-30,35.35,35.79,34.74,34.78,301000
2019-07-31,34.0,36.51,33.52,36.51,248000
2019-08-01,37.5,37.5,35.31,36.18,293500
2019-08-02,36.0,37.98,35.61,37.98,180000
2019-08-05,38.49,39.5,37.21,38.02,514000
2019-08-06,37.75,39.0,37.25,37.64,158000
2019-08-07,37.5,37.97,36.0,36.3,126500
2019-08-08,35.2,38.11,34.8,36.66,191000
2019-08-09,37.45,37.5,36.21,36.56,108500
2019-08-16,35.8,36.76,34.75,35.54,33500
2019-08-19,35.3,37.31,35.3,37.31,135500
2019-08-20,37.52,39.17,37.51,39.17,151500
2019-08-21,40.87,41.12,39.32,41.12,364500
2019-08-22,43.17,43.17,43.17,43.17,39000
2019-08-23,45.24,45.32,43.51,45.23,742500
2019-08-26,44.91,47.49,43.5,44.29,876000
2019-08-27,43.98,46.5,43.6,46.5,709000
2019-08-28,48.82,48.82,47.9,48.8,674000
2019-08-29,48.4,50.4,46.36,46.39,622000
2019-08-30,44.8,46.39,44.08,44.08,207500
2019-09-02,44.42,46.28,43.15,44.85,259000
2019-09-03,45.0,45.0,42.61,42.74,143000
2019-09-04,42.42,44.87,41.1,44.87,307500
2019-09-05,45.98,47.11,44.7,45.07,390500
2019-09-06,45.45,45.75,44.2,45.46,91000
2019-09-11,45.8,47.0,44.4,45.21,207500
2019-09-12,45.67,47.44,45.51,46.21,217000
2019-09-13,46.25,48.0,45.7,46.34,270500
2019-09-16,46.6,48.4,46.18,47.8,362000
2019-09-17,47.95,50.19,47.2,50.19,645000
2019-09-18,50.98,51.69,47.69,47.88,530500
2019-09-19,48.39,50.1,47.98,49.95,288000
2019-09-20,50.5,52.44,48.57,51.72,623500
2019-09-23,52.48,54.3,52.0,54.3,294500
2019-09-24,55.45,56.9,52.03,53.0,813500
2019-09-25,52.7,54.8,51.75,52.55,366500
2019-09-26,53.01,53.01,51.7,51.95,102500
2019-09-27,52.6,53.35,51.1,51.98,144000
2019-09-30,49.39,50.01,49.39,49.39,96500
2019-10-01,46.93,51.85,46.93,50.07,963500
2019-10-02,50.75,51.64,48.52,49.81,657000
2019-10-03,49.98,52.24,49.7,50.45,617500
2019-10-04,50.7,52.97,50.53,52.97,689500
2019-10-07,52.4,55.61,50.4,51.1,927500
2019-10-08,50.4,53.48,49.26,52.87,992000
2019-10-09,53.3,54.89,52.15,52.37,476000
2019-10-10,52.0,53.0,51.99,52.29,189000
2019-10-11,52.2,53.65,51.05,51.46,216000
2019-10-14,51.48,51.48,48.9,49.08,129500
2019-10-15,48.61,50.5,48.61,49.34,68000
2019-10-16,49.25,50.7,49.01,49.43,98000
2019-10-17,49.99,50.1,48.52,48.58,60000
2019-10-18,48.6,49.39,48.0,48.28,58500
2019-10-21,48.1,48.1,45.87,45.87,82500
2019-10-22,45.01,47.85,44.25,45.94,80000
2019-10-23,46.98,47.8,46.16,47.07,81000
2019-10-24,46.61,47.6,46.21,46.46,50500
2019-10-25,46.95,47.6,45.5,45.98,42500
2019-10-28,45.51,48.27,45.5,48.27,212500
2019-10-29,48.5,49.85,47.2,47.95,350000
2019-10-30,48.0,49.67,47.5,48.45,120500
2019-10-31,48.98,50.2,48.0,48.97,138000
2019-11-01,49.9,49.9,48.01,48.04,22000
2019-11-04,48.6,50.44,48.6,50.18,357000
2019-11-05,50.25,52.39,50.21,51.79,261500
2019-11-06,51.9,54.37,51.9,53.94,470000
2019-11-07,56.63,56.63,53.85,55.78,280500
2019-11-08,55.91,57.4,54.2,54.77,163000
2019-11-11,54.97,57.5,54.97,57.38,283500
2019-11-12,58.5,60.24,57.95,59.57,510000
2019-11-13,59.12,61.25,58.1,59.44,260500
2019-11-14,59.99,62.41,59.1,62.29,661500
2019-11-15,63.18,65.4,62.9,65.4,421500
2019-11-18,68.67,68.67,65.3,67.51,718500
2019-11-19,66.1,68.4,65.3,66.51,430000
2019-11-20,67.35,67.0,63.19,63.39,211500
2019-11-21,63.0,63.0,60.23,60.23,183000
2019-11-22,59.02,63.24,59.0,63.24,403500
2019-11-25,64.05,66.25,63.24,65.49,525500
2019-11-26,65.6,68.76,62.79,67.68,1122500
2019-11-27,69.35,71.06,69.03,71.06,1025000
2019-11-28,73.0,74.61,72.9,74.61,584000
2019-11-29,76.98,78.34,76.2,78.34,217500
2019-12-02,82.0,82.25,79.55,82.25,629500
2019-12-03,85.5,85.88,78.14,78.35,873000
2019-12-04,77.5,82.26,76.0,82.26,499000
2019-12-05,86.37,86.37,83.51,86.37,754500
2019-12-06,86.79,87.5,82.1,82.6,719500
2019-12-09,82.7,83.65,78.47,78.8,284000
2019-12-10,78.5,82.74,78.25,82.74,644000
2019-12-11,86.7,86.87,84.0,86.87,1058500
2019-12-12,84.5,86.5,82.53,82.8,1331500
2019-12-13,82.5,82.6,79.5,80.36,612000
2019-12-16,81.5,84.35,81.0,84.01,553000
2019-12-17,84.5,84.74,80.57,82.43,463000
2019-12-18,81.5,82.69,78.69,79.15,277000
2019-12-19,79.15,82.9,75.3,76.91,822500
2019-12-20,76.98,80.75,75.0,79.71,1065500
2019-12-23,78.5,79.7,75.73,75.76,736000
2019-12-24,74.05,76.8,73.01,75.17,407500
2019-12-26,75.0,77.4,74.65,75.96,232000
2019-12-27,76.55,78.55,73.65,75.24,297000
2019-12-30,75.69,78.49,75.69,77.03,333500
2019-12-31,77.4,77.9,76.0,76.17,154500
2020-01-01,76.42,77.55,76.0,76.82,106000
2020-01-02,77.1,79.4,77.1,78.2,319500
2020-01-03,78.5,78.5,75.11,75.79,188500
2020-01-06,72.26,72.99,72.01,72.01,231000
2020-01-07,71.05,72.95,71.05,71.78,212500
2020-01-08,70.51,70.75,68.2,68.28,385500
2020-01-09,71.0,71.69,70.0,71.69,293000
2020-01-10,71.9,74.0,71.01,71.41,300500
2020-01-13,71.46,71.46,70.05,70.7,97500
2020-01-14,71.49,73.1,71.0,72.76,204000
2020-01-15,72.21,72.49,70.5,70.79,73500
2020-01-16,70.81,71.69,70.0,70.1,59000
2020-01-17,71.5,72.9,71.0,71.58,222500
2020-01-20,71.75,72.0,70.11,70.43,82500
2020-01-21,70.36,71.5,69.1,70.13,117500
2020-01-22,70.4,71.64,69.0,69.6,76000
2020-01-23,70.74,70.74,67.5,67.97,126500
2020-01-24,67.89,67.98,66.2,67.31,87000
2020-01-27,67.34,69.59,67.34,68.78,109500
2020-01-28,68.99,69.94,68.25,68.92,222000
2020-01-29,69.5,69.5,67.12,67.38,73000
2020-01-30,67.0,67.49,66.05,66.78,106000
2020-01-31,67.79,68.75,66.51,66.66,145500
2020-02-03,66.0,66.0,62.67,62.67,162500
2020-02-04,62.6,63.9,61.13,62.64,75500
2020-02-06,63.87,63.87,61.25,61.32,44000
2020-02-07,60.12,60.12,57.65,57.65,100500
2020-02-10,56.05,56.16,54.2,54.21,158000
2020-02-11,55.4,57.46,53.25,57.46,192000
2020-02-12,60.0,60.9,59.9,60.9,120500
2020-02-13,63.89,64.55,61.6,61.95,500500
2020-02-14,61.0,61.0,59.0,59.92,81500
2020-02-17,59.95,63.81,59.95,63.81,182500
2020-02-18,65.0,66.3,60.5,61.53,331500
2020-02-19,61.95,63.15,61.4,61.64,173500
2020-02-20,61.75,63.5,61.0,62.89,385500
2020-02-21,62.0,62.9,61.32,61.49,48500
2020-02-24,60.0,61.46,57.53,57.84,122500
2020-02-25,56.51,61.59,56.51,61.59,235500
2020-02-26,63.0,64.7,60.63,63.38,374500
2020-02-27,60.68,63.99,60.0,61.81,583000
2020-02-28,61.8,63.5,60.5,61.13,213000
2020-03-02,63.35,64.48,62.71,63.41,172500
2020-03-03,63.75,64.75,62.45,62.85,248500
2020-03-04,61.76,63.39,61.38,61.65,70000
2020-03-05,63.45,65.65,62.5,63.67,494000
2020-03-06,63.01,63.01,60.5,61.07,137500
2020-03-09,57.15,62.9,56.8,61.77,211000
2020-03-10,61.6,66.09,60.6,66.09,479000
2020-03-11,67.5,69.88,64.55,65.52,464000
2020-03-12,64.49,64.49,60.94,61.17,168000
2020-03-13,60.9,61.89,57.01,60.07,200500
2020-03-16,57.46,58.2,55.57,55.57,126500
2020-03-17,55.57,58.0,51.41,54.43,198500
2020-03-18,52.5,52.5,50.35,50.35,74000
2020-03-19,46.58,48.5,46.58,46.58,142500
2020-03-20,46.1,47.98,44.0,45.11,96000
2020-03-24,41.73,41.73,41.73,41.73,13500
2020-03-25,40.61,41.05,38.61,38.65,127500
2020-03-26,37.0,41.54,36.0,36.33,87500
2020-03-27,35.6,37.95,35.0,37.04,98500
2020-03-30,36.8,38.0,35.9,37.03,69000
2020-03-31,37.0,39.8,36.28,39.8,147000
2020-04-01,42.44,42.78,40.25,42.78,99000
2020-04-02,42.5,45.98,42.2,45.98,164500
2020-04-03,48.0,49.4,47.99,48.6,97000
2020-04-06,47.6,48.1,44.96,44.96,54500
2020-04-07,43.0,47.0,42.91,46.01,113500
2020-04-08,45.0,47.0,44.52,45.37,69000
2020-04-09,45.0,47.6,45.0,46.53,169000
2020-04-10,45.55,48.0,45.55,46.34,90500
2020-04-13,46.15,46.15,44.65,44.86,43000
2020-04-14,43.61,45.48,43.5,45.13,39000
2020-04-15,45.14,47.5,44.9,45.79,153000
2020-04-16,46.25,47.16,45.1,46.51,99500
2020-04-17,49.8,49.99,48.6,49.99,127500
2020-04-20,51.71,53.73,51.0,53.68,444500
2020-04-21,52.99,54.98,51.61,53.83,324500
2020-04-22,53.0,55.45,52.7,54.05,103000
2020-04-23,55.69,55.69,53.5,53.68,58000
2020-04-24,53.3,53.5,52.5,52.66,24000
2020-04-27,51.1,51.49,50.5,51.39,25000
2020-04-28,52.5,52.5,50.75,51.03,38500
2020-04-29,51.5,52.89,51.4,51.72,84000
2020-04-30,52.97,55.59,52.85,55.59,329500
2020-05-04,55.6,59.75,54.0,58.52,981500
2020-05-05,59.24,61.2,57.8,60.78,671500
2020-05-06,60.8,61.0,58.9,59.3,218000
2020-05-07,58.95,58.95,55.56,56.43,187000
2020-05-08,56.5,56.85,55.89,56.34,90000
2020-05-11,57.0,57.44,56.15,56.23,26500
2020-05-12,56.0,60.1,55.88,58.97,311000
2020-05-13,57.6,59.99,57.5,58.28,236500
2020-05-14,58.87,59.8,57.65,57.81,62500
2020-05-15,57.65,59.0,57.6,57.92,48000
2020-05-18,58.7,62.26,58.0,62.24,786500
2020-05-19,62.9,63.4,59.22,59.78,620500
2020-05-20,58.16,64.26,58.16,64.2,1225000
2020-05-21,64.55,67.8,62.12,64.09,1227500
2020-05-28,62.76,65.75,62.25,63.69,396000
2020-05-29,63.5,64.25,62.5,62.84,97000
2020-06-01,63.5,65.0,62.01,63.75,331500
2020-06-02,64.7,65.1,62.5,62.61,220000
2020-06-03,63.49,64.25,62.71,62.86,221000
2020-06-04,63.75,65.7,63.0,63.4,920500
2020-06-05,63.2,63.6,62.5,62.85,97000
2020-06-08,63.45,66.88,63.0,65.99,1176000
2020-06-09,66.5,68.4,65.05,66.81,1360000
2020-06-10,66.9,66.98,65.01,65.4,544000
2020-06-11,65.89,66.9,64.9,65.99,617000
2020-06-12,64.51,65.4,63.51,64.93,328000
2020-06-15,63.05,63.79,61.0,61.59,297000
2020-06-16,61.49,66.2,61.49,65.96,841000
2020-06-17,66.5,67.2,62.51,62.95,776000
2020-06-18,62.94,63.99,62.0,62.32,198500
2020-06-19,63.2,62.5,60.5,60.8,68000
2020-06-22,59.62,60.78,56.5,60.08,310000
2020-06-23,61.2,62.38,60.55,62.04,156000
2020-06-24,61.33,63.5,61.0,61.48,283500
2020-06-25,60.31,63.45,60.31,62.89,512500
2020-06-26,63.85,63.99,61.4,62.02,210000
2020-06-29,61.9,63.94,61.5,63.46,217000
2020-06-30,63.8,63.8,62.15,62.75,173500
2020-07-01,61.98,63.8,61.98,63.18,280500
2020-07-02,63.02,63.95,62.5,62.9,194000
2020-07-03,62.75,62.85,62.3,62.43,51500
2020-07-06,63.0,66.6,62.8,65.9,1057500
2020-07-07,66.0,67.4,64.7,65.93,1124000
2020-07-08,65.3,66.0,64.51,64.78,291000
2020-07-09,64.98,66.44,64.98,65.19,338500
2020-07-10,64.95,66.7,64.51,65.23,814500
2020-07-13,65.82,68.7,65.3,67.5,1454000
2020-07-14,67.55,70.55,66.85,69.26,1197000
2020-07-15,69.3,74.45,69.3,73.2,4625000
2020-07-16,73.44,78.69,72.81,78.69,3505500
2020-07-17,80.5,83.9,79.0,80.75,2187500
2020-07-20,82.0,86.8,81.05,86.8,2376500
2020-07-21,88.39,93.31,87.01,93.31,2703000
2020-07-22,94.5,100.3,94.5,100.3,2488000
2020-07-23,104.95,107.82,93.5,94.63,5437500
2020-07-24,94.0,100.0,90.0,98.84,3073500
2020-07-27,100.0,105.0,98.0,102.31,2771500
2020-07-28,104.0,105.3,102.01,103.11,2151500
2020-07-29,103.4,103.75,100.0,100.77,1093000
2020-07-30,102.45,104.47,100.0,102.87,1165000
2020-08-03,105.0,109.51,104.1,108.94,2238000
2020-08-04,108.96,111.9,104.17,105.9,2019500
2020-08-05,105.9,111.0,103.2,109.97,1597500
2020-08-06,111.39,117.5,110.0,116.84,2870000
2020-08-07,117.77,120.49,114.05,116.79,2087000
2020-08-10,117.74,117.74,111.2,112.34,669500
2020-08-11,111.8,115.5,110.05,113.0,821000
2020-08-12,113.95,114.5,105.25,107.8,593500
2020-08-13,107.98,112.2,106.61,110.55,825500
2020-08-17,111.98,118.84,110.5,118.49,1373000
2020-08-18,119.88,120.0,115.0,115.27,1013500
2020-08-19,114.05,116.68,113.0,113.24,353000
2020-08-20,113.4,114.2,109.6,111.19,297000
2020-08-21,111.25,114.88,107.0,112.74,571500
2020-08-24,112.95,115.0,112.5,113.59,487000
2020-08-25,114.0,120.47,113.4,118.98,2015000
2020-08-26,120.0,121.5,115.01,116.12,1231500
2020-08-27,117.0,118.0,115.31,115.89,652000
2020-08-28,116.0,116.85,112.57,114.22,221000
2020-08-31,113.5,115.44,111.99,112.67,472500
2020-09-01,113.15,117.48,113.0,116.13,861000
2020-09-02,117.0,118.0,115.49,116.0,630500
2020-09-03,116.0,116.05,114.0,114.33,700000
2020-09-04,114.11,116.49,113.0,114.47,623500
2020-09-07,114.8,116.41,114.0,114.61,551500
2020-09-08,114.12,116.0,111.3,112.65,465500
2020-09-09,112.5,114.3,111.5,112.3,243500
2020-09-10,113.5,114.95,112.0,112.14,377000
2020-09-11,112.4,116.74,111.0,112.2,870000
2020-09-14,112.65,113.0,111.0,111.22,221500
2020-09-15,111.25,112.25,107.05,108.22,319000
2020-09-16,108.0,108.99,104.12,106.67,354000
2020-09-17,107.0,108.25,104.49,104.71,233500
2020-09-18,104.52,104.99,102.2,102.59,207500
2020-09-21,101.5,103.6,99.61,101.1,271500
2020-09-22,101.2,102.98,98.5,100.74,318500
2020-09-23,100.2,100.75,94.8,96.17,302000
2020-09-24,95.0,102.0,90.15,99.69,1197000
2020-09-25,99.99,101.0,95.5,97.03,478500
2020-09-28,96.99,96.99,89.76,89.82,368500
2020-09-29,88.5,91.95,87.65,90.41,396500
2020-09-30,91.0,92.0,84.0,84.51,403000
2020-10-01,84.0,84.0,80.0,80.79,590500
2020-10-02,81.0,86.84,80.1,82.8,1026500
2020-10-05,81.0,86.75,78.01,80.35,1015500
2020-10-06,81.85,83.91,78.01,80.76,530500
2020-10-07,82.1,86.81,81.5,86.77,987000
2020-10-08,87.39,88.7,85.0,85.99,384500
2020-10-09,85.05,90.65,85.05,89.85,911000
2020-10-12,89.19,93.45,84.0,85.49,1055000
2020-10-13,87.55,87.55,83.37,85.32,527500
2020-10-14,86.4,87.0,84.55,86.39,226500
2020-10-15,87.0,88.74,85.0,85.39,466000
2020-10-16,85.2,86.5,84.25,85.53,127000
2020-10-19,85.1,86.94,85.1,86.1,114500
2020-10-20,86.5,92.55,86.35,92.55,907000
2020-10-21,94.5,99.49,94.5,98.84,2189500
2020-10-22,99.52,99.9,94.49,95.67,844500
2020-10-23,95.3,99.2,94.4,97.88,1176000
2020-10-26,98.25,100.99,97.0,97.93,960500
2020-10-27,97.8,98.85,93.61,94.1,445000
2020-10-28,95.39,98.35,94.05,95.96,626000
2020-10-29,95.5,95.5,88.77,88.88,796500
2020-11-02,84.0,85.0,82.22,82.5,366500
2020-11-03,85.0,88.68,84.0,88.68,505500
2020-11-04,91.0,91.98,86.5,87.76,703500
2020-11-05,89.7,90.9,88.5,88.79,234500
2020-11-06,88.99,92.8,88.88,90.01,734000
2020-11-09,91.4,91.7,89.75,90.33,152000
2020-11-10,92.02,92.95,89.0,89.86,316500
2020-11-11,89.01,89.5,87.66,88.52,130500
2020-11-12,87.19,91.95,86.56,87.04,356000
2020-11-13,87.2,89.99,84.16,86.01,214000
2020-11-16,85.1,87.0,85.03,85.64,91000
2020-11-17,86.5,87.95,85.52,86.59,216000
2020-11-18,86.75,87.4,85.3,86.01,104000
2020-11-19,86.01,87.69,86.0,86.38,80500
2020-11-20,86.05,86.87,84.15,84.78,42000
2020-11-23,82.02,84.52,79.0,79.91,155000
2020-11-24,82.0,82.8,79.1,81.74,188500
2020-11-25,82.75,83.15,82.0,82.59,206000
2020-11-26,83.5,86.79,82.65,86.01,632000
2020-11-27,86.5,86.5,84.12,85.09,235000
2020-11-30,84.98,89.97,84.04,88.32,603000
2020-12-01,88.0,91.8,88.0,89.95,845500
2020-12-02,90.25,93.6,89.5,90.95,629500
2020-12-03,92.28,92.99,88.5,89.17,468000
2020-12-04,88.0,91.3,88.0,90.63,359500
2020-12-07,92.0,92.25,90.05,90.5,415000
2020-12-08,90.3,91.89,89.4,90.41,218000
2020-12-09,91.4,93.25,90.27,90.59,531000
2020-12-10,90.02,91.38,90.02,90.35,127500
2020-12-11,91.35,93.0,91.0,91.96,520500
2020-12-14,93.5,98.85,93.5,98.85,2903000
2020-12-15,100.0,106.26,97.2,100.86,4345000
2020-12-16,101.2,103.0,97.42,97.74,1788000
2020-12-17,98.85,104.99,98.0,104.08,2572500
2020-12-18,104.5,106.0,100.5,102.36,2389500
2020-12-21,101.01,106.3,101.01,102.99,2142000
2020-12-22,102.55,107.71,101.25,102.47,2826000
2020-12-23,103.4,110.15,101.75,110.15,2529000
2020-12-24,118.41,118.41,117.0,118.41,1856500
2020-12-28,124.98,127.29,115.25,122.14,7850500
2020-12-29,123.0,127.75,119.2,125.91,4454000
2020-12-30,127.0,133.25,125.15,128.04,5354000
2020-12-31,129.5,130.69,121.0,124.32,3186500
2021-01-01,124.95,125.25,120.11,120.96,1373500
2021-01-04,122.74,122.74,112.01,113.09,1909500
2021-01-05,113.01,120.49,111.5,116.86,2518500
2021-01-06,117.61,120.7,116.7,117.22,1304000
2021-01-07,118.25,119.0,114.15,114.88,705000
2021-01-08,114.12,118.0,113.62,114.1,518000
2021-01-11,114.5,118.0,108.51,109.63,2577000
2021-01-12,110.48,117.85,110.0,117.85,3269000
2021-01-13,118.9,119.0,114.0,114.67,1728500
2021-01-14,115.51,116.4,113.0,113.17,955000
2021-01-15,113.26,115.0,111.0,111.63,623000
2021-01-18,111.75,113.0,109.5,109.83,680000
2021-01-19,109.75,114.23,109.75,111.03,741500
2021-01-20,112.5,113.74,110.52,111.65,680000
2021-01-21,112.0,114.0,110.65,111.14,482000
2021-01-22,112.0,112.5,108.63,109.45,497500
2021-01-25,109.95,113.13,108.55,111.78,857000
2021-01-26,112.15,118.75,111.3,117.05,2324000
2021-01-27,118.49,121.55,116.82,117.75,2302000
2021-01-28,116.0,117.5,113.54,114.1,824500
2021-01-29,113.6,119.0,113.6,115.7,1338000
2021-02-01,116.98,121.9,116.9,119.54,2175000
2021-02-02,119.01,124.0,119.01,120.6,1785000
2021-02-03,121.49,122.25,118.65,119.29,859000
2021-02-04,123.5,125.0,118.01,120.54,1591000
2021-02-08,124.0,129.58,122.6,129.58,2950000
2021-02-09,129.99,131.49,122.5,123.77,2251500
2021-02-10,123.0,124.1,120.51,121.15,880000
2021-02-11,121.1,124.75,117.0,119.35,1225000
2021-02-12,118.79,120.24,115.01,115.65,725000
2021-02-15,115.05,119.88,115.05,116.96,566000
2021-02-16,117.53,121.21,117.52,118.88,671500
2021-02-17,120.5,122.99,118.0,119.02,1361500
2021-02-18,119.5,121.4,118.3,119.41,787000
2021-02-19,119.25,121.3,117.81,118.4,761000
2021-02-22,119.58,121.25,118.41,119.55,1055500
2021-02-23,120.5,124.45,118.11,119.39,1536500
2021-02-24,119.39,120.0,111.0,112.96,983500
2021-02-25,113.87,114.6,112.01,113.46,510500
2021-02-26,113.0,114.49,105.51,108.13,828000
2021-03-01,108.13,109.4,104.85,106.27,523500
2021-03-02,107.5,114.24,107.49,113.98,1254500
2021-03-03,115.1,117.0,113.01,115.46,745000
2021-03-04,110.75,115.46,110.0,110.52,891500
2021-03-05,112.2,112.3,109.6,110.69,426000
2021-03-08,114.0,114.0,107.51,108.83,465000
2021-03-09,107.8,110.4,100.67,101.62,724000
2021-03-10,102.0,102.5,94.2,95.69,939500
2021-03-11,95.0,96.9,88.52,88.55,873000
2021-03-12,88.0,95.0,88.0,93.8,737000
2021-03-15,97.45,100.83,93.8,100.83,740000
2021-03-16,102.78,103.5,99.15,100.87,587500
2021-03-17,104.0,108.43,103.0,108.43,1177000
2021-03-18,108.5,109.39,101.02,102.8,937000
2021-03-19,101.05,106.9,101.05,104.24,662500
2021-03-22,102.0,106.0,101.3,103.41,674000
2021-03-24,104.7,105.5,102.41,103.64,315000
2021-03-25,104.5,107.9,103.5,103.85,939000
2021-03-26,103.95,105.0,102.75,103.19,507500
2021-03-29,102.55,102.55,95.46,95.72,764500
2021-03-30,93.66,98.99,93.11,97.98,689500
2021-03-31,100.0,104.85,99.53,101.03,1094500
2021-04-01,102.49,102.5,95.5,96.29,547000
2021-04-02,96.0,97.9,95.0,95.85,289000
2021-04-05,95.5,96.0,89.0,89.89,539500
2021-04-06,91.79,96.6,90.5,95.2,537000
2021-04-07,96.27,96.5,91.76,92.55,447000
2021-04-08,92.5,96.2,92.5,95.57,484500
2021-04-09,96.95,101.0,96.0,99.88,1173000
2021-04-12,100.1,100.1,97.0,97.35,374000
2021-04-13,97.3,104.65,95.51,104.45,1848500
2021-04-14,105.0,108.95,104.12,105.25,1518000
2021-04-15,104.5,104.5,101.22,101.88,419000
2021-04-16,102.22,104.1,101.72,102.26,201000
2021-04-19,100.0,101.51,97.5,98.88,522500
2021-04-20,100.99,104.8,100.8,103.58,760500
2021-04-21,103.3,103.75,98.77,99.43,398500
2021-04-22,99.0,100.98,95.8,96.34,291500
2021-04-23,95.19,98.0,94.0,96.65,278500
2021-04-26,95.07,98.25,94.11,96.44,213500
2021-04-27,97.49,101.98,97.49,99.23,713000
2021-04-28,98.99,101.98,96.0,100.44,626000
2021-04-29,100.44,101.49,97.51,97.81,180000
2021-04-30,98.88,98.88,92.0,93.0,355500
2021-05-03,91.51,93.99,90.0,91.28,188000
2021-05-04,92.9,93.89,92.2,93.13,162000
2021-05-05,94.45,95.5,93.5,94.73,231000
2021-05-06,94.51,94.98,93.16,94.74,113000
2021-05-17,96.2,99.59,95.11,98.82,655500
2021-05-18,98.0,98.5,96.56,97.19,273500
2021-05-19,96.01,100.98,96.0,96.94,720000
2021-05-20,96.5,99.99,96.5,97.63,506500
2021-05-21,98.85,98.89,97.33,98.28,245000
2021-05-24,99.5,101.6,99.31,99.88,940000
2021-05-25,100.84,101.87,100.0,100.23,461000
2021-05-26,101.1,102.99,100.49,100.84,642500
2021-05-27,101.2,101.5,99.4,99.81,390500
2021-05-28,99.81,100.5,98.31,99.07,264500
2021-05-31,100.99,106.5,100.1,106.5,1638000
2021-06-01,107.0,108.5,105.01,105.73,1041500
2021-06-02,104.51,108.0,104.01,106.25,479000
2021-06-03,107.0,109.0,106.0,106.65,761500
2021-06-04,107.38,114.19,106.65,113.0,2530500
2021-06-07,116.8,120.5,115.15,116.18,2068500
2021-06-08,118.1,118.1,110.15,111.17,1319500
2021-06-09,111.71,115.9,110.01,114.44,1132500
2021-06-10,115.25,116.6,113.61,114.1,1038000
2021-06-11,114.9,115.5,112.5,113.02,512000
2021-06-14,114.5,116.4,112.5,113.12,995000
2021-06-15,114.0,114.5,110.5,111.04,435000
2021-06-16,111.0,112.44,109.89,110.09,500500
2021-06-17,110.1,110.8,107.0,107.48,346000
2021-06-18,108.38,111.99,108.0,108.39,405000
2021-06-21,108.39,111.9,108.39,109.32,990500
2021-06-22,109.89,111.25,108.25,108.78,514000
2021-06-23,108.99,115.45,108.5,113.96,1897500
2021-06-24,115.0,116.9,111.3,112.54,1415000
2021-06-25,112.44,113.5,109.26,109.88,532000
2021-06-28,110.51,110.94,107.0,107.2,598000
2021-06-29,108.49,109.5,107.21,107.72,704500
2021-06-30,108.65,111.0,108.06,109.23,666500
2021-07-01,109.95,112.9,109.15,111.95,822900
2021-07-02,112.95,116.15,112.11,113.17,1521000
2021-07-05,113.15,121.65,111.45,121.65,4647300
2021-07-06,122.0,124.4,113.6,114.82,2910300
2021-07-07,113.2,116.2,111.52,113.64,870400
2021-07-08,116.45,118.51,115.5,117.96,1119400
2021-07-09,117.02,122.99,116.31,120.31,1480600
2021-07-12,121.9,122.0,118.5,121.16,1089300
2021-07-13,122.0,127.27,121.5,123.7,2062000
2021-07-14,126.0,126.2,121.5,122.38,853200
2021-07-15,121.61,131.55,121.61,130.67,3183100
2021-07-16,131.0,132.75,127.75,128.66,1059700
2021-07-19,128.66,138.3,127.5,138.3,2487700
2021-07-23,141.0,143.39,135.61,137.11,1262500
2021-07-26,135.51,146.89,133.0,143.36,2545600
2021-07-27,146.0,148.44,141.05,142.42,1877300
2021-07-28,143.0,145.6,135.0,136.82,1679200
2021-07-29,134.1,138.15,132.0,137.16,1033100
2021-07-30,137.99,140.59,132.5,133.01,1080800
2021-08-02,133.0,137.2,133.0,135.87,608000
2021-08-03,137.5,139.9,136.25,137.82,1077200
2021-08-04,137.25,139.0,132.2,133.86,757300
2021-08-05,134.0,136.4,129.11,130.18,1088400
2021-08-06,130.12,133.0,128.75,129.59,481300
2021-08-09,130.99,130.99,123.51,124.6,500200
2021-08-10,123.99,126.0,120.5,124.66,643000
2021-08-11,122.5,127.0,122.5,123.81,272700
2021-08-12,123.53,129.2,123.53,126.25,770400
2021-08-13,126.31,129.89,125.76,127.13,498300
2021-08-16,127.6,128.2,122.01,124.03,350600
2021-08-17,124.0,126.24,124.0,125.75,218900
2021-08-20,126.97,132.0,124.01,130.43,760900
2021-08-23,131.25,133.8,130.22,130.8,601300
2021-08-24,130.52,131.5,128.02,128.35,377400
2021-08-25,128.0,129.5,125.71,126.57,595500
2021-08-26,126.5,127.0,123.02,124.72,282200
2021-08-27,122.3,124.99,119.0,121.06,401700
2021-08-30,121.9,123.68,120.57,122.56,209600
2021-08-31,123.0,124.0,118.55,119.61,155900
2021-09-01,120.2,121.8,120.2,121.07,167000
2021-09-02,121.0,121.0,115.51,116.21,391800
2021-09-03,116.5,118.2,115.11,115.61,206100
2021-09-06,115.3,117.0,113.2,114.12,372900
2021-09-07,114.12,114.12,107.99,113.34,653900
2021-09-08,113.85,114.99,110.7,111.18,164300
2021-09-09,112.5,115.3,111.15,114.34,364600
2021-09-10,114.98,118.0,114.5,116.81,576400
2021-09-13,117.4,118.5,113.5,114.59,316600
2021-09-14,115.0,115.0,108.11,111.21,357800
2021-09-15,113.25,113.25,107.91,110.13,290400
2021-09-16,108.2,111.0,108.0,109.44,175700
2021-09-17,110.1,111.44,106.56,107.31,359800
2021-09-20,107.0,107.47,102.71,103.53,337500
2021-09-21,103.74,104.5,95.99,97.44,620200
2021-09-22,97.99,99.0,91.0,97.8,1057600
2021-09-23,99.97,99.97,93.0,96.1,254900
2021-09-24,93.12,97.0,92.0,93.8,702000
2021-09-27,93.01,94.8,90.01,92.96,236400
2021-09-28,93.01,95.0,91.0,93.75,707500
2021-09-29,93.75,94.8,86.72,87.24,870000
2021-09-30,87.0,87.5,84.0,87.13,523500
2021-10-01,87.65,90.0,87.35,88.53,408700
2021-10-04,88.0,89.8,85.41,88.76,420600
2021-10-05,89.0,94.75,89.0,93.04,1471600
2021-10-06,92.01,92.68,88.21,89.26,364400
2021-10-07,90.8,91.8,87.75,88.22,376400
2021-10-08,87.1,88.89,85.4,86.25,257800
2021-10-11,85.02,85.25,79.86,80.1,385200
2021-10-12,80.1,80.1,75.75,77.07,512300
2021-10-13,78.1,79.39,71.29,71.38,524200
2021-10-14,71.5,76.29,70.0,75.42,527600
2021-10-15,76.4,76.45,73.5,75.39,457400
2021-10-18,73.0,74.85,72.05,72.54,261900
2021-10-20,73.4,74.66,73.0,74.19,208500
2021-10-21,74.01,77.35,73.66,74.92,613300
2021-10-22,73.0,75.05,71.51,73.39,214400
2021-10-25,72.28,74.48,72.28,73.97,39900
2021-10-26,74.0,75.0,73.5,74.05,65300
2021-10-27,74.5,76.4,74.5,75.02,125800
2021-10-28,75.02,76.8,72.65,73.32,296700
2021-10-29,73.5,78.8,73.0,77.4,965800
2021-11-01,79.5,83.2,79.5,83.2,836100
2021-11-02,86.1,88.0,84.64,87.42,1475300
2021-11-03,87.42,90.7,85.2,88.24,1264200
2021-11-04,88.4,90.89,86.31,88.88,826100
2021-11-05,89.29,95.54,86.01,92.99,2278200
2021-11-08,92.9,93.49,89.0,90.18,498800
2021-11-09,89.11,90.0,83.42,83.48,793400
2021-11-10,84.18,85.5,83.48,83.94,403900
2021-11-11,84.49,85.9,81.1,82.0,243100
2021-11-12,80.5,81.99,78.11,79.81,215900
2021-11-15,80.0,80.59,78.51,80.02,158500
2021-11-16,82.99,85.75,81.01,85.18,557900
2021-11-17,85.0,85.99,81.65,82.49,225700
2021-11-18,83.0,84.0,81.26,83.09,399500
2021-11-19,83.11,84.99,81.8,82.13,492800
2021-11-22,81.1,82.0,79.0,80.18,195200
2021-11-23,80.99,83.45,77.5,77.95,921400
2021-11-24,78.01,79.0,73.2,74.76,401100
2021-11-25,75.0,76.0,73.51,74.28,168900
2021-11-26,74.88,77.4,74.0,75.95,403800
2021-11-29,75.95,81.1,73.01,79.99,613800
2021-11-30,80.4,81.67,77.27,78.5,469200
2021-12-01,79.4,80.9,79.0,80.19,403800
2021-12-02,80.0,80.0,74.18,74.18,560100
2021-12-03,71.51,73.3,69.0,70.72,399000
2021-12-06,72.98,73.4,67.3,68.89,271100
2021-12-07,69.0,73.0,69.0,72.42,378700
2021-12-08,72.85,75.3,71.8,71.97,294100
2021-12-09,71.1,71.88,67.12,67.45,284600
2021-12-10,66.05,67.5,63.5,66.24,218800
2021-12-13,66.5,68.95,66.25,66.47,158400
2021-12-14,67.5,71.3,64.02,70.66,331600
2021-12-15,72.35,75.95,72.35,75.95,540700
2021-12-16,75.99,79.25,75.0,75.98,922400
2021-12-17,74.45,77.0,74.05,75.41,299400
2021-12-20,75.25,81.06,74.5,81.06,1238100
2021-12-21,82.2,83.0,78.5,80.08,1222000
2021-12-22,80.5,83.01,79.5,81.42,1322100
2021-12-23,80.6,81.19,79.2,79.76,359700
2021-12-24,79.0,80.99,77.22,77.92,243500
2021-12-27,78.0,78.0,75.7,76.54,113900
2021-12-28,76.9,77.9,75.35,77.33,265000
2021-12-29,77.45,79.5,77.45,78.52,390800
2021-12-30,79.5,80.51,79.0,79.26,517500
2021-12-31,79.75,81.0,77.9,78.14,608500
2022-01-03,78.01,79.5,77.6,78.43,141000
2022-01-04,78.8,84.18,78.8,83.49,1551500
2022-01-05,84.01,84.5,82.11,82.76,753000
2022-01-06,82.49,83.98,79.05,79.28,464500
2022-01-07,79.0,80.35,79.0,79.51,258500
2022-01-10,79.05,81.4,78.0,81.07,348000
2022-01-11,81.5,83.8,81.49,82.55,674000
2022-01-12,83.0,85.4,81.7,82.04,667500
2022-01-13,82.45,82.45,80.6,80.91,159500
2022-01-14,82.0,82.5,79.3,79.58,134000
2022-01-17,79.0,79.0,76.02,77.64,193500
2022-01-18,77.5,78.86,77.5,77.72,83000
2022-01-19,78.0,78.0,74.5,75.0,111000
2022-01-20,75.0,76.99,71.2,76.09,146000
2022-01-21,76.21,77.9,75.5,76.18,133500
2022-01-24,75.5,75.7,74.02,74.42,135000
2022-01-25,75.0,76.46,75.0,75.25,152000
2022-01-26,75.74,75.74,73.2,74.66,111500
2022-01-27,74.7,74.71,73.55,73.86,68000
2022-01-28,74.0,75.25,73.53,74.52,267500
2022-01-31,75.25,76.99,75.0,76.66,269000
2022-02-01,77.4,77.83,76.01,76.8,461500
2022-02-02,77.0,78.48,76.51,77.73,264000
2022-02-03,79.0,79.5,77.25,77.42,237000
2022-02-04,76.05,77.48,76.01,76.35,108500
2022-02-07,77.0,77.7,75.62,75.93,94000
2022-02-08,75.25,75.99,74.0,75.12,141500
2022-02-09,75.48,75.98,75.01,75.39,125500
2022-02-10,75.7,76.17,74.5,74.69,184500
2022-02-11,74.2,78.7,74.0,76.43,1608500
2022-02-14,76.0,76.83,73.1,73.45,374500
2022-02-15,73.1,75.84,72.5,74.92,259500
2022-02-16,75.02,75.3,73.66,74.31,134000
2022-02-17,73.63,74.5,73.01,73.58,112000
2022-02-18,73.51,74.0,72.6,73.0,150000
2022-02-21,73.15,73.2,71.0,71.59,46000
2022-02-22,70.55,70.95,69.5,70.4,169000
2022-02-23,71.1,72.9,69.0,72.12,171000
2022-02-24,69.8,69.8,66.72,66.72,384500
2022-02-25,68.0,68.71,66.2,66.86,439500
2022-02-28,66.79,70.94,64.15,70.0,386000
2022-03-01,70.76,72.51,69.7,71.03,487500
2022-03-02,70.0,70.5,69.0,70.12,144500
2022-03-03,70.0,71.0,68.02,68.64,133500
2022-03-04,68.5,69.49,67.27,67.47,156000
2022-03-07,65.25,65.79,62.9,63.49,165000
2022-03-08,62.81,64.5,61.0,61.54,127000
2022-03-09,62.9,62.9,60.4,61.71,103000
2022-03-10,63.38,64.4,63.0,63.92,172000
2022-03-11,63.5,63.79,62.01,62.52,44500
2022-03-14,62.55,62.89,60.0,60.87,61500
2022-03-15,61.4,62.33,61.1,62.11,43500
2022-03-16,62.49,64.0,62.49,63.47,91500
2022-03-17,63.13,63.89,62.0,62.21,50500
2022-03-18,61.02,61.02,57.6,57.94,143500
2022-03-21,58.0,58.98,58.0,58.28,41500
2022-03-22,58.98,60.39,58.35,59.3,67000
2022-03-24,59.84,59.84,57.81,59.53,97000
2022-03-25,59.01,60.9,58.73,59.99,126000
2022-03-28,59.0,64.48,58.87,64.48,317500
2022-03-29,66.0,67.25,65.35,66.11,473500
2022-03-30,64.61,67.4,64.25,66.03,424500
2022-03-31,66.44,70.3,66.4,69.58,727500
2022-04-01,69.35,73.79,69.15,71.83,797000
2022-04-04,68.0,70.7,68.0,68.56,170000
2022-04-05,67.01,69.6,67.01,67.32,118000
2022-04-06,67.9,69.0,67.9,68.19,95500
2022-04-07,69.2,69.23,67.91,67.99,33000
2022-04-08,68.01,69.64,66.75,69.16,124500
2022-04-11,72.0,74.34,72.0,74.34,320000
2022-04-12,76.2,79.88,74.0,78.88,770500
2022-04-13,79.0,79.5,74.0,75.67,745500
2022-04-14,74.8,79.74,74.6,78.96,742000
2022-04-15,79.5,80.3,76.63,77.25,392500
2022-04-18,76.9,78.5,75.35,76.03,161500
2022-04-19,76.06,78.65,75.14,76.24,288500
2022-04-20,77.25,77.4,75.25,75.6,235500
2022-04-21,75.26,77.48,75.26,75.91,188000
2022-04-22,75.52,76.3,75.1,75.35,70000
2022-04-25,77.7,77.74,74.51,75.08,170500
2022-04-26,74.01,74.8,72.0,72.27,136500
2022-04-27,71.88,72.39,67.6,68.16,260500
2022-04-28,67.5,67.5,64.31,65.41,307000
2022-05-06,64.9,66.99,63.8,66.32,178000
2022-05-09,64.5,65.5,61.99,62.37,131000
2022-05-10,61.98,63.5,61.55,62.76,88000
2022-05-11,62.0,62.99,58.06,59.51,204000
2022-05-12,60.48,60.9,57.0,60.01,157500
2022-05-13,60.09,61.0,59.6,60.77,147000
2022-05-16,57.55,58.68,56.8,57.58,142500
2022-05-17,58.0,58.95,57.6,58.3,47500
2022-05-18,58.3,62.4,58.0,62.04,309500
2022-05-19,60.66,62.49,59.61,60.17,91500
2022-05-20,61.0,62.48,60.0,60.28,139000
2022-05-23,58.1,58.99,57.99,58.1,43500
2022-05-24,57.5,58.95,57.5,57.81,51500
2022-05-25,57.5,59.69,56.75,58.79,74500
2022-05-26,58.79,61.69,56.1,61.28,197500
2022-05-27,62.0,64.15,60.5,61.12,414500
2022-05-30,62.36,62.38,60.62,60.74,111500
2022-05-31,61.6,61.6,60.2,60.64,33000
2022-06-01,60.1,61.0,59.3,59.76,43500
2022-06-02,58.65,59.5,58.5,59.16,40000
2022-06-03,58.5,58.99,57.03,58.07,47000
2022-06-06,58.21,58.8,57.0,58.5,31000
2022-06-07,58.9,60.0,57.4,57.82,135000
2022-06-08,58.0,58.6,57.7,57.96,59500
2022-06-09,57.5,60.5,57.31,59.78,142000
2022-06-10,59.62,60.0,59.0,59.78,25000
2022-06-13,59.78,59.78,58.0,58.23,26000
2022-06-14,58.5,60.5,58.0,60.05,92000
2022-06-15,60.5,61.16,59.2,59.77,42500
2022-06-16,59.11,60.0,58.75,59.25,42500
2022-06-17,59.89,60.9,59.3,59.58,152500
2022-06-20,59.89,60.0,58.71,58.99,25500
2022-06-21,59.87,60.74,59.25,60.46,95000
2022-06-22,61.25,61.9,60.2,60.29,376500
2022-06-23,61.4,64.81,61.1,64.81,1380000
2022-06-24,65.01,65.5,59.95,59.95,1338000
2022-06-27,60.0,62.9,58.3,61.6,757000
2022-06-28,62.01,62.8,59.2,60.15,429000
2022-06-29,59.01,59.95,58.11,58.7,211500
2022-06-30,59.49,61.3,58.99,59.38,505000
2022-07-01,60.0,60.3,58.8,59.17,138000
2022-07-04,59.0,63.6,59.0,61.87,1120500
2022-07-05,62.0,63.0,60.5,60.71,202000
2022-07-06,60.7,62.3,60.55,60.98,265000
2022-07-07,60.5,61.84,60.1,61.54,235000
2022-07-13,61.24,63.75,61.0,63.14,902000
2022-07-14,63.4,63.5,62.2,62.57,496500
2022-07-15,62.02,62.58,61.35,61.52,122500
2022-07-18,60.51,60.51,59.0,59.25,188000
2022-07-19,59.9,60.5,57.8,57.98,163000
2022-07-20,57.9,59.5,57.26,58.42,60500
2022-07-21,58.95,58.95,54.04,54.19,209500
2022-07-22,52.48,55.22,52.26,54.75,188000
2022-07-25,53.0,54.9,53.0,54.59,58000
2022-07-26,54.89,55.7,54.4,54.63,87500
2022-07-27,55.01,55.3,53.4,54.23,91000
2022-07-28,54.74,56.89,54.5,55.01,238500
2022-07-29,54.61,54.7,52.1,52.98,127000
2022-08-01,52.51,53.45,52.5,52.77,71500
2022-08-02,52.01,53.74,52.01,53.13,75000
2022-08-03,53.79,56.74,53.5,55.79,343000
2022-08-04,56.0,57.55,55.61,55.96,230000
2022-08-05,56.5,57.75,55.99,56.51,659000
2022-08-10,56.6,60.7,56.6,58.95,807500
2022-08-11,58.9,60.7,58.5,59.06,538500
2022-08-12,59.4,63.48,59.4,63.48,1298500
2022-08-15,64.75,66.4,63.51,63.67,792000
2022-08-16,63.01,66.1,62.8,63.06,824500
2022-08-17,63.1,64.5,62.65,63.36,237000
2022-08-18,64.25,65.15,63.52,64.11,358500
2022-08-19,63.99,64.0,63.0,63.44,99000
2022-08-22,62.44,63.44,61.7,61.86,130500
2022-08-23,62.2,63.7,62.2,63.39,343500
2022-08-24,64.0,65.5,63.39,64.03,435000
2022-08-25,63.71,64.49,63.0,63.13,67000
2022-08-26,63.13,63.74,62.75,62.81,96000
2022-08-29,62.0,62.6,61.7,62.43,130000
2022-08-30,63.5,64.0,60.99,61.05,377000
2022-08-31,61.0,61.6,59.9,60.42,93000
2022-09-01,61.5,61.88,61.0,61.35,120000
2022-09-02,61.35,61.35,60.2,60.26,38500
2022-09-05,60.03,60.51,60.0,60.04,49500
2022-09-06,61.1,61.5,60.0,60.56,36000
2022-09-07,61.2,61.2,60.0,60.12,20000
2022-09-08,60.02,60.5,59.7,59.95,52500
2022-09-09,60.5,61.38,60.12,60.5,42000
2022-09-12,60.79,60.79,59.61,59.8,62500
2022-09-13,60.0,60.8,59.4,59.4,15500
2022-09-14,58.85,60.0,58.6,59.22,29000
2022-09-15,59.3,60.0,58.51,58.75,49500
2022-09-16,58.5,59.38,58.06,59.15,13500
2022-09-19,58.51,58.78,56.0,56.5,99000
2022-09-20,55.51,56.39,54.6,55.24,55500
2022-09-21,55.48,55.5,53.5,53.99,64500
2022-09-22,53.41,55.2,53.0,54.62,84000
2022-09-23,54.69,54.99,54.0,54.08,29000
2022-09-26,54.9,57.0,54.9,56.67,100500
2022-09-27,58.6,60.92,58.02,60.91,717500
2022-09-28,60.99,61.5,57.5,57.89,585500
2022-09-29,57.5,58.22,56.5,56.82,86500
2022-09-30,56.99,57.85,56.0,56.21,59500
2022-10-03,56.88,58.7,56.31,57.03,209500
2022-10-04,57.19,58.2,55.3,55.52,207000
2022-10-05,55.06,55.85,54.85,54.96,187000
2022-10-06,55.0,56.5,54.9,55.38,388000
2022-10-07,55.39,56.0,54.75,55.18,334000
2022-10-10,55.9,56.35,55.3,55.47,232500
2022-10-11,55.99,56.29,55.36,55.58,132500
2022-10-12,55.51,57.7,55.5,56.91,601500
2022-10-13,56.5,57.1,56.07,56.38,104000
2022-10-14,56.13,56.7,55.8,55.86,103500
2022-10-17,55.67,56.35,54.7,54.87,96000
2022-10-18,55.38,55.85,54.73,55.25,68500
2022-10-19,55.03,56.1,55.03,55.45,117000
2022-10-20,55.89,55.89,55.0,55.31,99000
2022-10-21,54.74,55.01,53.39,54.2,195500
2022-10-24,55.4,55.9,54.5,54.55,91500
2022-10-25,54.61,54.62,53.75,53.85,54500
2022-10-26,53.1,53.24,51.0,51.29,128500
2022-10-27,51.3,51.5,50.0,50.4,66500
2022-10-28,50.5,50.5,48.4,48.48,147500
2022-10-31,48.0,48.9,48.0,48.5,104000
2022-11-01,49.0,52.13,48.51,52.13,196500
2022-11-02,52.0,54.1,51.0,52.93,436000
2022-11-03,52.2,54.8,52.2,53.05,360500
2022-11-04,51.05,52.8,51.05,51.52,68500
2022-11-07,52.64,53.35,51.27,51.72,93000
2022-11-08,52.49,52.7,51.53,51.71,72000
2022-11-10,52.53,52.8,51.87,52.16,115500
2022-11-11,52.3,53.39,51.01,52.03,123500
2022-11-14,52.0,52.88,51.75,51.96,94000
2022-11-15,51.8,53.8,51.8,52.8,342000
2022-11-16,52.85,54.01,52.45,52.88,193500
2022-11-17,52.5,52.85,51.92,52.32,108000
2022-11-18,51.37,52.2,51.35,51.73,25500
2022-11-21,52.75,52.75,51.86,52.2,20500
2022-11-22,52.0,52.35,51.5,52.06,37500
2022-11-23,51.5,52.2,51.5,51.94,24500
2022-11-24,52.39,53.7,51.65,52.93,185000
2022-11-25,53.05,53.6,52.16,52.43,70000
2022-11-28,50.21,51.99,50.21,51.0,85500
2022-11-29,50.99,51.72,50.99,51.04,24000
2022-11-30,52.0,52.0,50.8,50.84,40500
2022-12-01,51.34,51.45,50.81,51.16,65500
2022-12-02,51.7,52.0,50.5,50.88,95500
2022-12-05,50.5,50.5,49.01,49.19,65000
2022-12-06,49.0,49.5,47.71,48.17,76000
2022-12-07,48.4,49.42,48.28,49.21,139500
2022-12-08,49.98,51.15,49.11,49.18,93000
2022-12-09,49.19,49.25,48.5,48.74,45000
2022-12-12,48.5,48.97,47.92,47.99,26000
2022-12-13,48.0,48.49,46.71,46.88,85500
2022-12-14,47.0,47.07,46.36,46.54,69000
2022-12-15,46.1,46.1,43.75,44.03,99500
2022-12-16,44.0,44.64,42.07,43.01,73500
2022-12-19,42.02,42.1,40.0,40.2,97500
2022-12-20,40.01,40.01,37.2,37.27,162500
2022-12-21,37.0,38.78,36.5,37.24,142000
2022-12-22,38.7,40.03,37.2,38.73,185000
2022-12-23,37.55,38.7,36.15,38.21,53500
2022-12-26,39.0,40.48,39.0,40.13,46500
2022-12-27,40.13,40.32,39.0,40.0,46000
2022-12-28,40.0,41.95,38.8,40.93,155000
2022-12-29,41.2,43.18,39.7,42.76,179000
2022-12-30,42.89,43.5,41.11,42.0,108000
2023-01-02,41.99,43.0,41.5,41.77,79500
2023-01-03,41.32,42.49,40.4,40.8,95000
2023-01-04,41.0,41.2,40.1,40.41,23500
2023-01-05,41.25,41.25,39.1,39.43,85500
2023-01-06,39.5,40.05,39.3,39.49,60593
2023-01-09,39.0,39.95,37.66,37.9,97263
2023-01-10,38.8,40.15,38.3,39.3,564402
2023-01-11,38.99,38.99,37.9,38.08,103445
2023-01-12,37.53,39.19,37.53,38.2,93351
2023-01-13,37.52,38.0,37.0,37.79,44449
2023-01-16,37.99,37.99,36.91,37.01,29951
2023-01-17,36.5,37.7,34.4,34.69,129155
2023-01-18,34.5,35.5,34.0,35.2,104341
2023-01-19,36.45,36.48,35.22,35.5,61511
2023-01-20,35.85,36.0,34.55,34.93,89622
2023-01-23,34.5,34.9,34.2,34.54,26933
2023-01-24,35.44,36.45,34.91,36.04,73876
2023-01-25,36.85,37.4,35.62,36.51,182166
2023-01-26,36.4,38.7,36.4,38.37,294436
2023-01-27,38.57,38.75,36.41,36.47,70466
2023-01-30,36.05,37.5,36.05,36.43,77217
2023-01-31,36.61,37.11,36.42,36.46,48744
2023-02-01,36.5,37.0,36.35,36.4,22863
2023-02-02,36.4,36.89,36.0,36.51,23884
2023-02-03,38.38,38.38,36.25,36.61,15684
2023-02-06,37.4,37.4,36.25,36.43,77576
2023-02-07,36.45,37.0,35.9,36.37,74427
2023-02-08,37.3,39.09,36.4,38.34,795260
2023-02-09,39.3,39.41,38.0,38.81,438531
2023-02-10,38.5,38.5,37.1,37.56,85638
2023-02-13,37.5,38.17,37.2,37.69,45900
2023-02-14,37.69,38.2,36.5,36.69,68810
2023-02-15,36.69,36.9,36.25,36.72,11526
2023-02-16,36.62,37.0,36.2,36.56,29795
2023-02-17,36.56,36.8,36.19,36.32,28065
2023-02-20,35.77,36.32,35.11,35.38,31321
2023-02-21,35.87,35.87,35.15,35.49,22160
2023-02-22,34.98,35.65,34.98,35.47,38891
2023-02-23,36.44,36.44,34.91,35.01,20089
2023-02-24,34.89,35.67,33.7,34.03,51730
2023-02-27,35.3,35.3,33.85,33.89,12511
2023-02-28,35.59,35.59,33.55,33.87,19574
2023-03-01,34.99,34.99,31.33,32.19,113240
2023-03-02,32.19,32.7,31.6,31.79,20255
2023-03-03,31.1,33.65,31.1,33.07,44884
2023-03-06,33.15,35.0,33.15,34.18,92913
2023-03-07,33.51,36.1,33.5,34.65,115629
2023-03-08,34.4,34.99,34.1,34.25,41404
2023-03-09,35.85,35.85,34.0,34.84,27217
2023-03-10,34.98,35.6,34.98,35.23,57755
2023-03-13,35.01,35.8,35.01,35.51,54494
2023-03-14,35.51,35.51,34.12,34.77,23679
2023-03-15,35.48,37.37,34.75,35.89,336712
2023-03-16,36.29,38.58,36.06,38.56,956266
2023-03-17,38.56,39.29,37.57,38.11,190409
2023-03-20,37.75,38.48,36.75,36.89,160742
2023-03-21,37.25,37.46,36.01,36.16,79875
2023-03-22,36.45,36.68,34.15,34.35,214284
2023-03-24,34.9,34.9,34.03,34.62,20486
2023-03-27,35.14,35.14,34.18,34.22,7711
2023-03-28,34.7,34.98,34.41,34.61,13991
2023-03-29,34.5,34.75,34.2,34.21,14829
2023-03-30,34.97,34.97,34.01,34.35,4267
2023-03-31,34.7,34.7,34.1,34.19,4221
2023-04-03,33.6,35.14,33.6,34.27,42735
2023-04-04,34.0,35.8,34.0,34.49,3548
2023-04-05,35.75,35.75,34.45,34.5,6701
2023-04-06,33.66,35.72,33.66,35.52,117391
2023-04-07,35.6,36.39,34.23,34.49,36128
2023-04-10,34.1,34.98,34.04,34.13,10178
2023-04-11,34.02,34.02,33.5,33.84,12833
2023-04-12,35.0,35.0,34.0,34.35,30689
2023-04-13,35.43,35.43,33.5,33.9,19570
2023-04-17,35.15,35.15,33.5,34.11,13688
2023-04-18,34.76,34.76,33.54,34.59,13214
2023-04-19,34.47,34.75,34.0,34.11,84282
2023-04-20,34.15,34.49,33.73,33.95,39198
2023-04-26,33.82,34.36,33.81,34.03,37935
2023-04-27,34.0,36.0,33.31,34.99,224657
2023-04-28,34.97,35.14,34.0,34.54,50966
2023-05-02,34.54,37.1,34.54,36.19,416416
2023-05-03,36.9,36.9,35.25,35.5,138473
2023-05-04,35.31,36.13,35.27,35.47,70590
2023-05-05,35.0,35.45,34.71,34.87,60053
2023-05-08,35.65,35.65,34.43,34.62,17328
2023-05-09,35.11,35.4,33.5,33.56,114317
2023-05-10,32.31,33.96,32.31,33.1,31930
2023-05-11,33.4,34.4,33.0,33.01,61604
2023-05-12,33.0,33.8,33.0,33.7,31488
2023-05-15,34.4,34.49,33.02,33.87,60747
2023-05-16,34.4,34.8,34.11,34.13,61870
2023-05-17,34.2,34.49,33.9,33.9,19210
2023-05-18,33.31,33.31,33.2,33.3,18500
2023-05-19,33.1,33.5,33.1,33.38,59500
2023-05-22,33.02,33.3,32.71,32.82,35018
2023-05-23,33.0,33.15,32.65,32.76,19105
2023-05-24,33.2,33.21,32.5,32.51,18435
2023-05-25,33.15,33.15,32.11,32.16,5618
2023-05-26,32.05,32.2,30.0,30.22,32886
2023-05-29,31.99,31.99,30.33,30.55,43817
2023-05-30,31.45,31.45,30.31,30.83,9172
2023-05-31,31.5,31.5,30.8,30.92,49266
2023-06-01,30.99,31.45,30.96,31.11,7184
2023-06-02,32.2,32.2,31.13,31.73,3700
2023-06-05,31.99,31.99,31.0,31.24,13641
2023-06-06,31.68,32.8,31.21,32.3,143305
2023-06-07,32.86,33.32,31.92,32.87,102581
2023-06-08,32.99,32.99,31.98,32.09,36928
2023-06-09,32.48,33.6,32.01,32.59,73399
2023-06-12,33.3,33.3,31.56,31.89,35080
2023-06-13,32.25,32.95,31.56,32.36,53156
2023-06-14,32.85,32.85,31.36,31.84,22667
2023-06-15,32.5,32.5,30.65,31.44,32885
2023-06-16,32.27,32.27,30.8,30.84,15314
2023-06-19,30.52,30.7,30.0,30.02,22216
2023-06-20,30.99,30.99,29.56,29.89,6739
2023-06-21,30.75,30.75,29.25,29.3,16717
2023-06-22,30.95,30.95,29.2,29.28,10504
2023-06-23,29.9,31.48,28.71,31.48,208058
2023-06-26,30.51,33.84,30.51,33.84,83841
2023-06-27,34.0,36.38,34.0,36.38,302643
2023-07-03,39.11,39.11,39.11,39.11,43374
2023-07-04,40.75,40.79,38.1,38.76,437619
2023-07-05,39.84,39.84,38.26,38.69,243102
2023-07-06,38.9,40.0,38.0,38.82,237986
2023-07-07,39.39,39.48,38.05,38.32,162080
2023-07-10,40.0,41.19,39.05,41.19,324860
2023-07-11,42.0,44.28,42.0,44.28,436496
2023-07-12,44.95,45.0,41.82,42.85,650893
2023-07-13,43.9,46.06,42.3,44.94,985674
2023-07-14,45.7,47.4,43.58,45.34,311138
2023-07-17,45.13,46.88,44.75,45.01,167446
2023-07-18,45.1,45.5,43.05,43.35,83433
2023-07-19,44.45,44.74,42.42,43.39,136815
2023-07-20,44.36,46.47,43.36,45.72,666750
2023-07-21,45.89,47.47,45.0,45.79,628092
2023-07-24,45.51,45.9,42.71,43.17,175058
2023-07-25,43.8,44.85,42.75,44.12,398873
2023-07-26,44.9,44.9,43.11,43.86,224469
2023-07-27,44.8,44.8,42.75,42.96,268458
2023-07-31,43.0,44.23,43.0,43.36,280371
2023-08-01,44.15,45.75,43.8,45.15,777356
2023-08-02,45.79,45.79,44.01,44.25,416136
2023-08-03,44.74,45.2,42.9,42.97,297901
2023-08-04,43.4,43.4,42.24,42.46,159262
2023-08-07,42.5,42.96,40.3,40.49,308681
2023-08-08,40.8,40.8,38.21,38.67,123782
2023-08-09,38.61,40.35,38.5,40.22,100489
2023-08-10,40.95,41.94,40.2,40.23,195950
2023-08-11,40.97,41.22,39.24,39.69,81166
2023-08-15,39.41,42.59,39.0,40.93,730514
2023-08-16,40.9,41.0,39.52,39.65,102240
2023-08-17,40.0,40.61,39.92,40.3,175277
2023-08-18,40.6,40.99,39.4,39.65,103373
2023-08-21,39.79,39.8,38.71,38.79,47582
2023-08-22,38.86,40.3,38.86,40.07,482529
2023-08-23,40.0,41.25,39.7,39.82,199633
2023-08-24,40.0,41.2,40.0,40.18,210121
2023-08-25,40.1,40.1,38.5,39.19,56604
2023-08-28,38.61,39.68,37.8,37.95,71656
2023-08-29,37.95,38.4,37.51,38.14,43157
2023-08-30,38.35,40.5,37.45,37.68,472412
2023-08-31,37.9,38.24,36.5,36.77,180042
2023-09-01,36.66,37.9,36.66,37.38,94233
2023-09-04,37.89,38.4,37.14,37.42,68641
2023-09-05,37.89,38.05,36.02,36.8,58140
2023-09-06,36.99,38.8,36.51,38.39,278026
2023-09-07,38.41,39.4,37.0,37.49,120149
2023-09-08,37.38,38.0,37.1,37.58,29233
2023-09-11,37.17,38.0,37.17,37.5,26337
2023-09-12,37.8,38.5,36.25,37.13,113577
2023-09-13,37.45,37.45,36.56,36.75,144764
2023-09-14,37.19,37.67,36.55,36.61,129167
2023-09-15,37.1,37.67,36.5,36.61,211726
2023-09-18,36.8,36.98,36.45,36.79,20199
2023-09-19,36.84,37.34,36.84,36.98,56810
2023-09-20,37.0,37.65,36.8,37.17,27174
2023-09-21,36.8,37.39,36.61,37.08,68235
2023-09-22,37.48,38.8,36.9,37.82,711149
2023-09-25,38.0,38.49,37.9,38.18,250460
2023-09-26,37.53,38.95,37.52,37.97,401045
2023-09-27,38.2,38.3,37.85,37.96,205122
2023-09-28,38.3,38.4,37.65,37.91,92830
2023-10-02,37.7,38.4,37.58,38.21,48260
2023-10-03,38.0,38.5,37.51,37.66,75927
2023-10-04,37.95,38.1,37.55,37.58,83068
2023-10-05,37.76,40.0,37.73,38.83,693807
2023-10-06,39.48,41.74,39.18,41.74,1737458
2023-10-09,41.5,44.35,41.5,42.56,1596540
2023-10-10,42.25,43.18,42.0,42.47,315600
2023-10-11,42.98,45.05,42.5,44.43,1193839
2023-10-12,44.0,47.76,43.8,46.72,1929199
2023-10-13,50.0,50.22,49.5,50.22,306335
2023-10-16,52.49,52.49,47.9,48.76,1360143
2023-10-17,49.0,49.98,46.55,46.8,493917
2023-10-18,46.99,47.75,44.76,44.92,422120
2023-10-19,45.01,48.29,45.0,48.1,1078776
2023-10-20,48.95,50.49,47.65,48.85,1555023
2023-10-23,50.19,50.25,46.9,47.07,686259
2023-10-24,47.0,47.99,46.0,46.13,514946
2023-10-25,46.98,47.9,45.8,47.55,1171493
2023-10-26,46.15,47.55,46.15,46.84,503627
2023-10-27,46.5,47.35,43.33,43.64,517479
2023-10-30,43.87,46.85,42.21,46.36,1193348
2023-10-31,46.5,46.74,43.86,44.45,370014
2023-11-01,43.55,45.9,43.55,44.72,468138
2023-11-02,44.61,47.0,44.49,46.27,1154355
2023-11-03,46.27,47.0,45.51,45.67,1084041
2023-11-06,45.6,45.9,44.5,44.94,287432
2023-11-07,44.56,46.49,42.3,43.79,632817
2023-11-08,44.9,46.99,44.5,46.37,1097120
2023-11-10,46.98,49.85,46.98,49.85,1411530
2023-11-13,51.0,52.4,49.7,50.26,1568234
2023-11-14,49.5,50.5,48.06,49.86,592552
2023-11-15,50.49,51.35,50.0,50.52,622440
2023-11-16,51.0,54.31,51.0,54.31,952211
2023-11-17,58.38,58.38,55.5,58.38,2966686
2023-11-20,59.89,62.76,59.89,62.76,1709858
2023-11-21,65.0,67.47,64.5,67.47,450656
2023-11-22,69.99,72.53,69.99,72.53,292077
2023-11-23,77.97,77.97,72.66,77.26,3052902
2023-11-24,77.26,83.0,76.77,78.83,2612494
2023-11-27,79.0,82.25,79.0,81.18,2069476
2023-11-28,83.0,84.0,77.8,78.39,1018336
2023-11-29,78.75,82.5,78.25,80.12,2889591
2023-11-30,81.0,81.0,76.0,76.68,1048959
2023-12-01,76.7,79.99,76.5,78.9,1647113
2023-12-04,79.9,81.3,75.0,77.13,1789376
2023-12-05,78.0,78.39,76.01,76.55,533426
2023-12-06,77.02,79.05,77.0,77.43,1049679
2023-12-07,78.0,79.5,76.63,77.37,659414
2023-12-08,77.05,77.95,76.2,76.58,535535
2023-12-11,76.0,79.38,75.23,77.49,1223060
2023-12-12,77.98,78.3,76.4,76.63,399621
2023-12-13,76.26,78.8,70.88,71.57,1069653
2023-12-14,70.9,72.5,69.0,69.47,464486
2023-12-15,70.5,71.3,68.0,68.61,292397
2023-12-18,69.48,72.25,68.9,69.71,547673
2023-12-19,69.65,71.75,64.48,65.02,439180
2023-12-20,64.45,65.65,60.14,60.99,511421
2023-12-21,61.65,65.56,59.5,65.22,1011505
2023-12-22,66.0,66.5,61.75,62.66,481983
2023-12-26,61.4,61.4,57.96,57.96,265037
2023-12-27,56.81,61.98,56.0,61.38,466962
2023-12-28,61.5,65.25,60.25,61.75,558484
2023-12-29,62.0,66.38,61.75,66.38,596855
2024-01-01,71.36,71.36,71.36,71.36,117367
2024-01-02,73.0,76.5,69.5,73.27,1193117
2024-01-03,73.0,73.75,71.0,71.16,445415
2024-01-04,70.99,76.49,70.56,75.03,1425909
2024-01-05,74.99,80.66,72.5,77.71,3018973
2024-01-08,77.92,79.9,72.11,73.52,804371
2024-01-09,74.0,77.5,71.26,76.67,770366
2024-01-10,77.51,77.85,74.5,75.14,934826
2024-01-11,74.59,75.1,72.0,72.68,610158
2024-01-12,73.16,73.5,70.1,70.57,364170
2024-01-15,71.0,73.47,70.0,70.68,472783
2024-01-16,70.0,70.87,65.38,65.75,1081400
2024-01-17,65.5,66.99,64.5,65.11,418898
2024-01-18,65.89,66.84,61.51,63.82,1332951
2024-01-19,64.9,68.61,64.21,68.61,1143253
2024-01-22,69.97,73.76,69.26,73.76,1493990
2024-01-23,75.6,76.0,71.3,72.02,1492819
2024-01-24,72.0,75.89,71.5,72.26,932722
2024-01-25,72.1,73.4,68.5,69.25,383628
2024-01-26,69.25,70.59,67.21,67.52,308384
2024-01-29,68.5,69.1,65.8,66.09,302994
2024-01-30,66.6,67.41,63.0,63.35,337791
2024-01-31,63.5,65.0,62.52,63.59,346739
2024-02-01,64.0,64.25,62.1,62.52,167661
2024-02-02,62.25,64.87,62.25,63.9,145077
2024-02-06,65.9,66.65,63.05,65.43,283781
2024-02-07,65.98,70.34,65.35,70.34,948791
2024-02-09,67.35,68.25,65.2,66.86,763853
2024-02-12,67.01,67.75,62.26,62.87,430836
2024-02-13,62.51,67.3,59.15,64.09,696342
2024-02-14,66.4,68.5,65.65,66.92,505482
2024-02-15,67.0,67.0,63.6,64.06,441287
2024-02-16,64.89,64.89,60.3,61.06,220484
2024-02-19,60.0,65.37,58.52,64.33,452364
2024-02-20,65.0,66.7,63.51,63.93,356773
2024-02-21,65.25,68.72,64.79,68.44,561768
2024-02-22,69.1,72.6,68.11,70.68,1387744
2024-02-23,70.11,71.0,68.1,69.32,430742
2024-02-26,69.32,73.99,69.32,71.15,1377925
2024-02-27,71.15,72.0,68.63,68.98,495884
2024-02-28,68.8,71.6,68.51,70.05,516741
2024-02-29,70.8,71.3,66.8,67.07,638960
2024-03-01,67.69,72.1,66.66,72.1,1396261
2024-03-04,73.5,74.84,70.51,71.48,1392559
2024-03-05,72.01,75.45,71.02,73.38,1965838
2024-03-06,73.5,76.88,73.1,74.15,2174655
2024-03-07,74.16,74.4,71.32,73.23,805468
2024-03-08,73.9,78.72,73.25,78.72,1664972
2024-03-11,80.0,84.62,80.0,84.62,686257
2024-03-12,87.0,88.4,78.3,78.98,2169099
2024-03-13,77.55,81.6,73.08,73.94,1392916
2024-03-14,75.96,79.49,75.6,79.49,1020610
2024-03-15,82.5,85.45,82.11,85.45,753559
2024-03-18,88.0,91.86,83.0,89.66,2573665
2024-03-19,90.05,96.38,89.6,92.23,4960748
2024-03-20,94.01,95.99,90.97,92.26,2008071
2024-03-21,92.5,93.5,86.0,87.83,1405484
2024-03-22,88.3,90.5,85.5,87.28,812852
2024-03-25,87.2,89.5,86.7,87.04,485529
2024-03-26,92.47,93.57,88.99,91.71,4464857
2024-03-27,92.05,94.5,90.05,90.48,1479285
2024-03-28,91.0,93.3,90.06,92.43,1108291
2024-03-29,92.31,92.68,90.11,91.67,622123
2024-04-01,91.5,94.25,90.55,92.58,1094891
2024-04-02,92.98,99.52,92.4,99.52,2131057
2024-04-03,103.5,106.98,102.0,104.81,3511605
2024-04-04,105.6,112.67,102.9,112.67,2495737
2024-04-08,116.54,119.45,113.61,115.85,3006585
2024-04-09,117.44,118.0,107.16,107.68,2833090
2024-04-15,102.78,115.76,102.78,115.76,5044712
2024-04-16,117.64,118.5,111.0,111.65,3243032
2024-04-17,110.0,116.09,110.0,112.87,2344512
2024-04-18,113.52,115.4,111.81,112.62,2206944
2024-04-19,114.0,121.07,112.99,120.86,7749306
2024-04-22,121.9,129.92,121.0,128.78,5270274
2024-04-23,129.0,130.95,123.6,126.61,3988455
2024-04-24,126.0,127.4,122.0,124.17,1989122
2024-04-25,124.5,129.88,118.5,121.4,7855706
2024-04-26,120.0,126.49,117.51,122.65,4593394
2024-04-29,123.99,128.5,122.11,122.63,3565113
2024-04-30,122.0,125.7,113.43,115.19,3078334
2024-05-02,114.99,123.23,111.0,120.06,3635172
2024-05-03,121.2,129.06,121.2,129.06,4224281
2024-05-06,134.7,138.74,134.11,138.74,849897
2024-05-07,143.99,143.99,132.0,137.41,6404008
2024-05-08,136.0,136.01,128.5,131.42,2899579
2024-05-09,132.0,141.28,132.0,141.28,5574260
2024-05-10,145.28,151.88,144.0,151.88,3160073
2024-05-13,161.0,163.27,157.0,163.27,421337
2024-05-14,167.48,175.52,164.5,175.52,3343186
2024-05-15,180.0,188.68,176.5,179.5,4347599
2024-05-16,180.02,185.0,173.05,180.98,2875952
2024-05-17,183.0,194.44,182.53,190.8,2924960
2024-05-20,191.0,199.9,181.5,197.75,3996378
2024-05-21,201.1,202.8,190.25,194.27,3214510
2024-05-22,193.96,194.0,179.7,180.62,1794878
2024-05-23,175.0,177.2,168.51,171.93,2534295
2024-05-24,172.4,184.82,172.2,183.77,3506470
2024-05-27,185.99,190.0,181.2,183.84,2491981
2024-05-29,185.0,187.48,177.0,180.08,1567216
2024-05-30,179.2,183.0,176.7,178.88,970881
2024-05-31,179.99,186.8,179.45,183.72,2211318
2024-06-03,185.2,185.59,179.8,180.43,1404029
2024-06-04,182.89,194.86,182.89,190.61,6172056
2024-06-05,194.02,196.73,182.01,186.88,3752599
2024-06-06,184.9,187.99,172.0,174.81,1296712
2024-06-07,173.01,184.0,163.0,178.83,2029201
2024-06-10,179.0,183.26,174.0,177.51,772363
2024-06-11,181.75,183.21,170.0,172.91,1598567
2024-06-12,170.15,177.2,167.11,173.28,1194493
2024-06-13,175.2,188.01,175.2,187.02,3176464
2024-06-14,188.25,189.99,173.16,175.76,2532105
2024-06-20,177.2,182.5,176.1,176.51,843360
2024-06-21,178.8,181.9,173.5,178.15,1388281
2024-06-24,181.0,183.9,176.2,180.18,1725085
2024-06-25,181.5,182.0,177.3,177.86,674306
2024-06-26,178.9,182.95,175.02,176.01,1354415
2024-06-27,177.2,177.88,174.0,175.72,473740
2024-06-28,176.48,180.2,174.03,174.72,801743
2024-07-01,175.4,176.0,173.9,174.33,329891
2024-07-02,175.0,177.0,170.0,172.25,646959
2024-07-03,172.25,175.6,170.01,173.13,968726
2024-07-04,174.99,178.0,174.01,174.67,1066134
2024-07-05,175.79,176.8,172.0,173.95,842078
2024-07-08,175.99,181.47,175.78,177.45,1566018
2024-07-09,179.45,191.1,177.1,184.97,4856670
2024-07-10,187.0,198.45,184.02,195.0,5527694
2024-07-11,195.95,213.53,193.0,213.53,4759679
2024-07-12,218.9,233.82,204.0,230.44,8777751
2024-07-15,239.99,252.33,238.02,247.94,4822687
2024-07-18,251.99,269.69,246.0,259.34,4029910
2024-07-19,260.5,267.0,234.7,240.61,3107980
2024-07-22,232.0,244.0,225.56,235.69,3665535
2024-07-23,241.52,259.26,241.25,259.26,5280125
2024-07-24,265.5,279.25,260.55,264.37,5280212
2024-07-25,265.52,278.95,254.01,268.85,4878804
2024-07-26,275.99,278.79,269.0,271.56,2901859
2024-07-29,280.0,298.72,280.0,298.72,2221287
2024-07-30,315.02,327.5,299.0,305.69,6245940
2024-07-31,304.0,314.9,283.6,289.42,4851591
2024-08-01,295.0,318.36,284.56,309.49,5984866
2024-08-02,319.98,340.44,318.26,336.26,8966021
2024-08-05,337.0,346.0,326.0,330.92,6601111
2024-08-06,340.11,360.0,330.3,350.74,5751445
2024-08-07,354.89,369.69,352.99,360.03,5653390
2024-08-08,360.0,366.0,352.0,355.95,4047738
2024-08-09,359.77,362.0,350.1,353.22,2015253
2024-08-12,359.0,359.0,321.2,325.7,4141891
2024-08-13,322.0,342.4,322.0,337.72,4301757
2024-08-15,338.9,338.9,310.1,318.9,5024307
2024-08-16,319.95,320.98,287.01,287.33,3930045
2024-08-19,280.05,282.0,260.0,271.13,5266589
2024-08-20,275.0,279.0,265.01,268.21,2129803
2024-08-21,265.0,273.95,260.15,265.75,2145979
2024-08-22,270.0,272.16,264.0,266.49,961781
2024-08-23,267.1,271.0,262.0,263.4,846421
2024-08-26,263.01,263.04,238.75,244.29,4144521
2024-08-27,243.89,268.72,238.02,259.15,4884900
2024-08-28,262.95,263.89,247.0,249.84,1228584
2024-08-29,251.0,267.9,245.0,261.51,3035338
2024-08-30,265.0,287.65,262.62,274.13,4894633
2024-09-02,274.99,280.0,246.9,250.96,2203135
2024-09-03,246.0,259.0,244.11,257.14,1227273
2024-09-04,261.0,269.35,259.25,266.93,1361490
2024-09-05,268.0,269.44,254.01,260.59,1239665
2024-09-06,263.0,265.0,255.26,256.32,908496
2024-09-09,260.0,260.0,246.21,248.22,779816
2024-09-10,247.0,254.99,243.98,252.91,972267
2024-09-11,254.01,261.6,254.01,255.15,1523442
2024-09-12,257.0,258.99,252.0,255.8,786322
2024-09-13,262.0,265.49,245.6,249.29,1657432
2024-09-16,250.6,251.79,242.01,243.6,484630
2024-09-18,245.2,249.0,238.0,243.63,1225796
2024-09-19,245.5,247.95,232.5,234.42,1056038
2024-09-20,233.0,237.49,224.1,231.12,1696094
2024-09-23,231.0,238.0,229.0,230.18,853216
2024-09-24,230.0,231.64,217.15,225.94,736757
2024-09-25,226.01,240.0,226.01,232.1,1521161
2024-09-26,236.89,236.89,216.25,219.6,1475286
2024-09-27,212.5,235.0,212.5,227.82,3175641
2024-09-30,227.65,228.9,216.0,217.75,1177542
2024-10-01,219.81,223.9,216.15,218.5,1111341
2024-10-02,215.0,220.0,208.06,210.29,817443
2024-10-03,211.5,215.5,202.0,203.62,1032749
2024-10-04,202.0,204.01,191.75,197.61,3244767
2024-10-07,197.0,199.6,192.7,193.25,1120767
2024-10-08,193.5,208.95,192.6,205.52,4111263
2024-10-09,205.52,208.31,200.61,201.61,1116503
2024-10-10,202.01,202.01,187.1,189.75,823031
2024-10-11,192.0,193.9,171.06,173.55,2284680
2024-10-14,173.0,176.0,163.1,167.56,3279620
2024-10-15,170.0,184.32,168.15,184.32,2752473
2024-10-16,190.0,202.75,188.12,192.6,4319045
2024-10-17,195.0,202.69,190.0,191.62,2478944
2024-10-18,192.0,197.0,187.0,189.45,1269629
2024-10-21,191.01,196.89,191.0,194.44,1487686
2024-10-22,195.0,213.88,195.0,207.51,5763044
2024-10-23,209.0,226.6,203.5,222.79,6659245
2024-10-24,228.0,242.48,227.0,235.55,5482094
2024-10-25,239.35,245.45,227.0,231.95,3321008
2024-10-28,232.0,241.0,228.9,230.31,1771787
2024-10-29,231.01,233.5,222.0,225.05,1472824
2024-10-30,228.0,229.01,215.3,218.31,1382872
2024-10-31,217.05,224.74,216.5,219.64,1825365
2024-11-01,219.01,225.45,217.0,222.4,850481
2024-11-04,224.0,235.5,222.7,233.1,3093867
2024-11-05,241.16,247.0,235.0,244.15,5243767
2024-11-06,250.0,256.12,245.0,249.88,3993426
2024-11-07,249.0,261.75,248.01,255.35,3614138
2024-11-08,256.49,260.99,253.0,254.32,2637812
2024-11-11,255.9,257.12,248.0,250.05,1469802
2024-11-12,260.0,261.01,252.5,254.03,3645046
2024-11-13,254.8,257.75,248.0,250.9,2591251
2024-11-14,253.45,260.0,250.0,254.16,2337351
2024-11-15,256.0,259.77,253.51,255.26,1528149
2024-11-18,257.16,259.5,253.0,254.16,930381
2024-11-19,256.0,259.33,252.6,254.07,1596178
2024-11-20,255.98,268.27,254.35,264.14,5667075
2024-11-21,267.25,273.89,263.26,266.07,3184584
2024-11-22,270.0,270.25,247.9,251.35,2886949
2024-11-25,255.99,256.0,245.5,250.16,1124189
2024-11-26,247.0,250.89,225.5,226.44,1582191
2024-11-27,236.0,248.0,234.45,246.93,1603577
2024-11-28,247.93,250.78,244.0,247.11,1137609
2024-11-29,247.12,249.0,241.5,243.74,903914
2024-12-02,244.25,252.5,244.25,250.33,1414758
2024-12-03,252.01,259.9,246.8,256.22,1932831
2024-12-04,258.0,273.44,255.11,270.81,3225523
2024-12-05,275.0,282.0,272.11,277.78,2750910
2024-12-06,280.0,289.9,274.01,281.2,4366722
2024-12-09,281.99,306.5,275.21,302.59,7542625
2024-12-10,303.0,306.5,273.0,282.56,5559602
2024-12-11,289.0,289.74,281.61,284.58,1507693
2024-12-12,290.0,291.0,283.05,286.24,1466258
2024-12-13,285.9,292.8,273.0,289.69,3229796
2024-12-16,288.99,306.25,285.5,296.5,6819002
2024-12-17,295.99,304.0,276.12,286.66,3258774
2024-12-18,291.8,291.8,276.0,278.99,2503869
2024-12-19,279.0,282.0,255.22,260.7,1501116
2024-12-20,260.02,270.6,250.0,268.01,1056153
2024-12-23,275.0,285.0,269.0,283.27,2679700
2024-12-24,285.73,295.5,274.0,277.47,3594553
2024-12-26,275.0,288.0,273.5,285.85,2075544
2024-12-27,284.99,294.45,281.0,283.93,2019051
2024-12-30,286.0,291.5,283.5,287.12,1108715
2024-12-31,289.99,298.25,289.89,294.38,3085843
2025-01-01,295.6,323.82,295.0,321.41,8245911
2025-01-02,311.0,315.0,302.6,306.08,5227971
2025-01-03,306.0,307.99,296.12,303.14,2250854
2025-01-06,304.0,310.0,293.21,307.03,3336887
2025-01-07,307.7,309.0,295.75,306.11,1589948
2025-01-08,308.0,318.49,292.45,296.82,5677990
2025-01-09,300.0,311.75,297.0,307.91,3430594
2025-01-10,307.98,322.0,305.06,319.97,3546626
2025-01-13,339.0,351.97,332.1,351.97,6587209
2025-01-14,362.48,387.17,362.48,387.17,9329505
2025-01-15,394.9,425.0,392.0,406.48,10177838
2025-01-16,401.99,409.99,388.0,398.84,4623074
2025-01-17,400.0,438.72,394.01,438.72,6707137
2025-01-20,450.0,479.0,442.18,452.4,6859663
2025-01-21,455.0,464.0,438.12,444.63,4506409
2025-01-22,440.5,457.2,408.0,418.09,5599284
2025-01-23,415.25,441.98,410.0,435.16,3350490
2025-01-24,444.9,476.1,435.01,455.25,7078182
2025-01-27,460.0,465.9,446.0,451.67,2077763
2025-01-28,449.99,477.99,445.0,472.46,4250950
2025-01-29,475.0,494.0,464.5,469.81,4439419
2025-01-30,471.5,481.99,463.01,469.45,2376701
2025-01-31,467.77,480.9,465.75,468.04,2118052
2025-02-03,471.89,475.0,461.01,465.12,1531938
2025-02-04,470.0,475.0,418.61,429.7,4192398
2025-02-06,432.0,434.97,401.25,416.24,3446494
2025-02-07,416.25,441.96,402.15,433.46,3476711
2025-02-10,445.0,469.89,438.0,467.3,6240115
2025-02-11,469.0,473.97,452.6,456.08,2927197
2025-02-12,458.89,468.0,455.51,464.89,2854255
2025-02-13,467.8,481.5,462.1,467.8,4513499
2025-02-14,467.79,473.0,442.0,450.72,2008302
2025-02-17,454.72,454.72,440.0,440.76,872730
2025-02-18,443.0,455.0,438.5,452.55,1071181
2025-02-19,455.1,457.0,446.0,447.22,488363
2025-02-20,447.5,449.56,440.0,441.14,544633
2025-02-21,443.45,465.5,440.0,458.34,1873670
2025-02-24,461.0,461.0,450.0,454.09,827706
2025-02-25,456.0,459.9,445.0,447.15,506510
2025-02-26,448.95,453.1,435.0,440.38,714227
2025-02-27,454.0,454.5,442.0,445.23,1664491
2025-02-28,446.01,448.48,431.25,433.47,844618
2025-03-03,434.0,436.0,424.0,425.77,231469
2025-03-04,428.98,440.01,421.11,439.08,457929
2025-03-05,440.0,453.0,434.0,437.73,1373276
2025-03-06,437.0,441.34,436.0,437.97,395039
2025-03-07,438.99,442.8,435.5,437.64,521070
2025-03-10,438.01,452.0,437.64,447.24,1315916
2025-03-11,443.9,458.55,442.99,452.94,983197
2025-03-12,449.8,451.99,442.0,443.71,626643
2025-03-13,444.0,451.0,444.0,447.57,563881
2025-03-14,458.0,458.0,448.0,449.78,654007
2025-03-17,451.89,462.5,449.51,458.58,1516474
2025-03-18,464.0,472.0,442.18,448.89,2597591
2025-03-19,448.89,459.49,448.05,453.34,1071658
2025-03-20,454.0,463.54,450.5,457.19,1017989
2025-03-21,465.0,472.49,460.5,463.77,1906531
2025-03-24,467.0,474.5,464.0,465.75,1625711
2025-03-25,468.11,471.0,458.15,465.44,675846
2025-03-26,470.0,476.61,465.0,469.56,1810704
2025-03-27,471.89,488.4,466.0,485.71,2437399
2025-04-03,485.0,514.49,482.88,505.15,4408120
2025-04-04,505.85,507.0,495.02,498.48,1851422
2025-04-07,495.0,495.0,448.63,482.63,3843111
2025-04-08,490.0,496.5,480.0,484.52,2261173
2025-04-09,484.0,487.9,470.0,478.85,1605016
2025-04-10,494.0,494.5,486.65,489.29,1222412
2025-04-11,479.0,485.5,473.0,477.96,1273312
2025-04-14,482.0,483.8,466.1,473.64,1580115
2025-04-15,477.0,491.0,477.0,480.25,2286719
2025-04-16,482.0,483.0,475.0,476.09,689867
2025-04-17,475.05,484.1,474.1,479.38,933634
2025-04-18,487.9,508.0,480.11,501.01,6596397
2025-04-21,500.0,506.0,488.0,490.73,2364259
2025-04-22,491.5,500.0,489.5,491.62,1471651
2025-04-23,491.62,494.0,485.0,490.97,1103940
2025-04-24,483.98,487.5,471.15,474.83,1481862
2025-04-25,474.8,481.0,466.0,472.83,1364961
2025-04-28,473.06,477.87,438.0,445.56,764534
2025-04-29,440.01,475.99,440.01,469.63,1178478
2025-04-30,455.0,466.49,435.0,444.82,1358951
2025-05-02,460.0,467.0,456.0,461.93,1148078
2025-05-05,463.97,473.4,452.0,469.5,1309450
2025-05-06,475.0,486.37,472.0,482.67,1925287
2025-05-07,450.01,476.0,447.0,450.38,1922361
2025-05-08,458.88,464.0,405.34,405.34,1661681
2025-05-09,391.01,415.0,380.0,412.39,1873903
2025-05-12,453.63,453.63,453.63,453.63,171838
2025-05-13,490.5,490.5,466.26,478.59,1985700
2025-05-14,479.0,486.0,470.0,472.81,1491532
2025-05-15,476.0,484.0,471.0,478.3,715866
2025-05-16,478.3,479.8,471.1,472.47,331180
2025-05-19,470.51,474.0,447.0,454.12,1102556
2025-05-20,455.0,457.0,443.11,444.49,946121
2025-05-21,441.02,446.0,434.1,442.87,1013985
2025-05-22,445.0,448.0,431.52,433.37,811662
2025-05-23,433.37,434.0,423.01,425.66,596627
2025-05-26,429.0,429.0,414.0,420.78,798730
2025-05-27,418.1,427.5,418.02,422.17,601984
2025-05-29,421.06,438.74,421.06,428.55,1117152
2025-05-30,431.87,434.9,422.5,424.55,709790
2025-06-02,424.2,424.2,416.07,417.13,273649
2025-06-03,415.15,421.65,414.11,415.91,247650
2025-06-04,417.0,420.0,397.1,399.48,1395770
2025-06-05,400.0,404.8,393.0,394.42,835733
2025-06-10,394.0,424.5,391.0,417.59,1621083
2025-06-11,418.0,440.0,418.0,423.8,1462234
2025-06-12,427.0,434.0,415.0,417.03,1144513
2025-06-13,407.0,415.0,401.11,408.26,527046
2025-06-16,407.0,413.95,406.5,407.94,343945
2025-06-17,408.0,418.5,406.02,408.26,338379
2025-06-18,404.0,413.85,404.0,407.94,338759
2025-06-19,409.21,413.79,399.0,400.56,326566
2025-06-20,403.0,405.0,395.01,398.53,296123
2025-06-23,386.0,394.98,358.68,359.13,858349
2025-06-24,380.0,392.44,375.0,387.72,1081192
2025-06-25,390.0,393.0,382.1,384.51,746320
2025-06-26,382.0,384.0,371.0,371.89,723864
2025-06-27,373.0,381.0,371.0,375.1,679370
2025-06-30,379.87,382.0,375.5,377.37,305165
2025-07-01,380.0,389.98,375.0,386.78,865456
2025-07-02,389.31,409.0,387.0,406.11,1613180
2025-07-03,409.0,413.44,402.0,408.92,667630
2025-07-04,413.0,449.81,410.0,447.89,3417842
2025-07-07,455.0,457.55,437.16,438.86,2039860
2025-07-08,438.86,451.75,432.0,441.02,1468434
2025-07-09,439.97,448.55,437.58,439.23,550786
2025-07-10,440.0,483.15,438.5,483.15,4158973
2025-07-11,483.15,506.0,471.11,493.33,4805170
2025-07-14,495.01,507.57,490.0,501.14,1922630
2025-07-15,504.89,504.89,476.01,480.27,1116212
2025-07-16,481.99,492.25,470.0,488.94,1032744
2025-07-17,490.21,494.0,484.0,488.02,729150
2025-07-18,485.0,490.0,475.0,478.26,338153
2025-07-21,479.0,494.5,473.1,488.65,1155394
2025-07-22,491.0,498.0,488.0,490.97,879244
2025-07-23,490.97,537.48,490.97,524.96,7464165
2025-07-24,520.87,545.2,515.01,519.55,3867715
2025-07-25,523.01,549.0,520.01,541.93,3451097
2025-07-28,549.0,564.98,545.23,555.73,3567323
2025-07-29,554.4,565.97,530.5,534.03,2819767
2025-07-30,534.99,536.0,509.15,513.45,2927169
2025-07-31,518.0,522.49,514.0,515.09,591321
2025-08-01,516.0,517.0,500.11,507.09,768437
2025-08-04,511.99,521.0,502.0,512.39,1035098
2025-08-05,514.9,517.89,506.02,511.95,813731
2025-08-06,514.0,548.0,513.01,543.32,2979304
2025-08-07,546.8,547.0,526.0,529.12,1171949
2025-08-08,528.0,535.0,517.99,525.88,800046
2025-08-11,527.0,536.01,525.0,529.86,555606
2025-08-12,530.5,537.5,526.11,531.02,723930
2025-08-13,533.0,558.0,533.0,546.14,2669231
2025-08-15,547.0,584.99,547.0,572.36,3416238
2025-08-18,575.0,582.36,566.0,571.86,2251536
2025-08-19,573.95,575.0,553.99,558.33,1021198
2025-08-20,559.48,568.0,553.5,558.28,629492
2025-08-21,555.55,566.0,545.22,553.91,900893
2025-08-22,557.97,557.97,550.2,553.52,193771
2025-08-25,554.0,558.0,550.05,551.98,502824
2025-08-26,550.0,554.98,546.0,548.21,249745
2025-08-27,553.45,555.0,546.01,548.14,499419
2025-08-28,549.97,578.78,548.14,572.65,2132480
2025-08-29,572.75,578.0,560.99,563.4,671807
2025-09-01,564.9,579.0,563.4,572.83,1274797
2025-09-02,573.96,575.97,568.0,568.86,346216
2025-09-03,569.0,577.85,566.5,571.71,701731
2025-09-04,575.16,579.0,570.5,573.94,634573
2025-09-05,576.89,592.0,570.5,580.59,1772702
2025-09-08,582.85,593.0,581.0,586.16,999207
2025-09-09,587.0,587.99,575.0,578.71,462917
2025-09-10,577.5,589.89,575.0,578.48,789716
2025-09-11,583.99,584.45,575.0,577.29,396870
2025-09-12,581.21,595.0,578.01,579.35,1454356
2025-09-15,581.97,582.5,577.0,578.88,224491
2025-09-16,581.87,583.99,576.99,580.85,313393
2025-09-17,582.99,589.99,580.0,583.91,593799
2025-09-18,588.84,588.84,580.0,584.14,414416
2025-09-19,589.0,597.0,581.45,587.03,747777
2025-09-22,591.89,628.05,591.89,621.24,1980128
2025-09-23,631.0,633.0,605.0,611.73,926745
2025-09-24,612.0,614.98,602.0,603.36,518200
2025-09-25,600.5,612.0,593.0,598.32,846372
2025-09-26,599.0,604.99,588.0,591.24,965956
2025-09-29,600.0,618.0,588.11,591.49,3869495
2025-09-30,598.0,599.99,589.0,590.93,997725
2025-10-01,593.01,594.0,586.5,590.4,551308
2025-10-02,590.8,597.9,590.4,591.89,475964
2025-10-03,592.0,601.0,591.11,595.19,947396
2025-10-06,596.99,599.9,588.1,592.75,548820
2025-10-07,593.55,596.95,591.2,592.96,284430
2025-10-08,593.0,604.7,588.6,597.29,921338
2025-10-09,597.29,602.99,592.53,593.16,387893
2025-10-10,594.98,595.5,575.37,586.42,381089
2025-10-13,582.99,582.99,549.01,553.11,1159963
2025-10-14,568.0,585.0,560.0,580.51,950387
2025-10-15,579.79,582.96,572.0,574.2,508579
2025-10-16,576.86,579.47,571.5,572.96,207274
2025-10-17,572.97,574.43,565.0,568.06,128702
2025-10-20,573.0,575.01,565.11,566.83,314804
2025-10-21,570.93,596.0,569.0,589.86,744423
2025-10-22,589.86,593.9,574.0,577.28,1360087
2025-10-23,575.0,578.51,562.0,563.57,864396
2025-10-24,563.57,566.3,547.8,553.23,409724
2025-10-27,554.0,577.94,553.25,566.12,790550
2025-10-28,565.99,565.99,541.4,545.56,355964
2025-10-29,547.0,552.0,535.0,537.65,331905
2025-10-30,542.0,557.95,540.23,545.55,387602
2025-10-31,556.0,564.0,550.0,554.36,553550
2025-11-03,560.0,570.0,555.0,562.02,343177
2025-11-04,565.0,566.0,555.0,557.88,244328
2025-11-05,559.0,561.0,550.05,555.61,175314
2025-11-06,557.49,561.0,552.0,556.03,187762
2025-11-07,557.01,564.5,554.05,558.65,250639
2025-11-10,558.85,564.0,550.9,561.92,248188
2025-11-11,564.0,564.0,546.0,547.19,235033
2025-11-12,550.0,557.0,547.6,548.36,314483
2025-11-13,555.0,556.0,549.01,552.44,124983
2025-11-14,554.0,557.5,551.0,553.98,118088
2025-11-17,555.0,569.0,554.0,561.42,445822
2025-11-18,564.5,565.99,558.01,560.45,176027
2025-11-19,561.0,561.0,555.0,557.53,64396
2025-11-20,557.02,561.0,552.0,555.8,83302
2025-11-21,556.0,560.98,553.02,555.03,62398
2025-11-24,559.0,561.88,551.72,553.14,156207
2025-11-25,554.87,557.05,549.5,550.09,92434
2025-11-26,551.0,551.89,542.5,547.94,135972
2025-11-27,548.0,557.98,548.0,555.16,216708
2025-11-28,552.0,571.98,552.0,564.99,741179
2025-12-01,569.69,569.69,557.0,558.35,458984
2025-12-02,559.89,568.0,555.0,555.68,442199
2025-12-03,556.0,560.0,550.0,555.46,179296
2025-12-04,551.0,559.0,551.0,555.71,119046
2025-12-05,556.5,560.13,553.11,557.17,307575
2025-12-08,557.17,558.16,553.03,554.74,192932
2025-12-09,555.0,557.97,552.4,553.23,166373
2025-12-10,554.95,558.0,552.01,552.87,137842
2025-12-11,554.0,556.0,550.0,550.89,102569
2025-12-12,550.0,554.3,549.0,551.06,131371
2025-12-15,555.0,557.0,546.1,548.06,314411
2025-12-16,551.0,554.99,544.06,548.39,256678
2025-12-17,552.0,553.89,545.0,549.03,328104
2025-12-18,549.0,552.49,546.2,550.21,153724
2025-12-19,551.9,556.0,547.07,549.16,283336
2025-12-22,551.0,553.0,545.0,545.67,306262
2025-12-23,546.05,551.5,545.2,549.46,170402
2025-12-24,550.0,554.0,545.0,551.09,210005
2025-12-26,553.09,553.09,545.22,547.59,161486
2025-12-29,551.75,553.0,546.12,548.39,199763
2025-12-30,547.0,550.96,546.01,548.07,146100
2025-12-31,548.07,551.0,545.05,549.73,140794
2026-01-01,549.9,558.25,548.5,552.99,202957
2026-01-02,554.0,563.2,550.21,555.76,304680
2026-01-05,556.0,565.9,554.5,562.31,645390
2026-01-06,566.0,568.0,560.7,564.58,396601
2026-01-07,564.58,570.0,563.8,568.63,380907
2026-01-08,570.11,579.9,564.02,567.97,635065
2026-01-09,568.0,569.99,558.53,559.53,216208
2026-01-12,559.53,560.0,548.5,549.77,200563
2026-01-13,550.0,552.5,544.5,546.78,587268
2026-01-14,548.35,554.0,539.0,539.99,424618
2026-01-15,539.99,542.0,529.5,530.72,322338
2026-01-16,535.0,548.2,531.25,547.52,503352
2026-01-19,550.0,563.0,549.01,559.93,767033
2026-01-20,562.68,562.68,550.0,552.05,373602
2026-01-21,554.8,555.0,530.0,536.8,570947
2026-01-22,537.01,543.95,536.19,538.7,186770
2026-01-23,540.69,540.69,535.0,535.43,149809
2026-01-26,536.0,537.4,528.0,529.42,418747
2026-01-27,529.0,533.0,528.0,531.99,175734
2026-01-28,531.99,531.99,525.01,525.73,255782
2026-01-29,527.0,529.8,510.0,513.01,426228
2026-01-30,512.0,530.04,510.54,519.01,546715
2026-02-02,525.0,525.0,515.0,519.05,94667
2026-02-03,523.89,532.0,519.05,528.21,576361
2026-02-04,529.9,531.99,523.5,524.54,179241
2026-02-06,526.01,527.0,516.0,517.41,409086
2026-02-09,518.0,525.0,514.0,515.33,375389
2026-02-10,516.01,532.94,513.01,520.61,942331
2026-02-11,525.0,531.5,520.6,525.61,1227727
2026-02-12,529.9,532.0,518.27,525.79,902367
2026-02-13,525.11,533.5,510.52,515.76,1017603
2026-02-16,513.99,513.99,488.0,493.63,1106145
2026-02-17,494.0,503.0,482.2,484.22,290016
2026-02-18,489.0,508.0,481.0,492.54,610252
2026-02-19,496.2,499.0,465.0,475.07,223185
2026-02-20,473.2,499.0,450.01,479.36,244093
2026-02-23,480.0,495.0,441.11,451.12,252601
2026-02-24,445.03,450.0,428.0,440.31,378535
2026-02-25,441.51,451.75,430.0,431.19,122953
2026-02-26,434.98,443.5,407.0,439.89,381879
2026-02-27,435.0,439.98,420.0,435.48,175169
2026-03-02,391.93,408.9,391.93,391.93,207736
2026-03-03,380.0,394.0,370.0,386.9,390233
2026-03-04,387.0,398.0,387.0,395.33,254239
2026-03-05,400.0,415.0,397.1,410.44,678069
2026-03-06,410.0,414.0,395.05,398.02,94250
2026-03-09,358.22,370.0,358.22,358.22,122346
2026-03-10,369.99,390.0,369.99,382.48,127177
2026-03-11,383.0,404.0,383.0,393.72,165878
2026-03-12,390.51,394.0,380.0,384.1,64724
2026-03-13,384.0,388.0,376.1,381.0,32218
2026-03-16,381.0,382.99,366.0,369.25,111794
2026-03-17,370.0,374.98,351.04,353.99,264873
2026-03-18,355.0,365.55,355.0,362.39,291238
2026-03-19,360.0,362.3,352.55,357.87,92094
2026-03-24,369.0,369.0,350.0,353.93,250812
2026-03-25,354.98,366.8,351.25,363.85,259414
2026-03-26,362.99,362.99,340.0,343.2,235540
2026-03-27,343.2,349.9,326.0,328.79,245225
2026-03-30,329.0,329.0,296.25,298.78,287563
2026-03-31,302.0,310.2,296.1,307.4,203953
2026-04-01,313.0,328.87,310.02,321.12,248574
2026-04-02,310.0,310.0,298.0,306.62,173045
2026-04-03,291.0,306.0,291.0,300.21,133214
2026-04-06,300.3,307.0,292.5,303.64,201623
2026-04-07,300.1,308.4,298.0,303.77,152238
2026-04-08,334.15,334.15,334.15,334.15,148623
2026-04-09,338.99,367.57,321.0,367.57,1264003
2026-04-10,378.75,386.0,373.05,382.69,926568
2026-04-13,362.11,373.5,360.22,361.4,323672
2026-04-14,371.0,397.54,371.0,397.54,796842
2026-04-15,415.0,437.29,415.0,437.29,341376
2026-04-16,460.0,477.99,448.0,466.34,1366450
2026-04-17,477.72,494.49,466.65,483.93,2189512
2026-04-20,483.0,498.0,466.0,484.07,1205898
2026-04-21,494.97,498.0,478.0,481.19,511982
2026-04-22,484.97,484.97,465.01,466.94,342372
2026-04-23,463.0,463.0,442.0,444.26,288559
2026-04-24,439.9,464.95,421.0,453.66,585695
2026-04-27,454.05,460.97,441.01,450.52,362145
2026-04-28,449.0,449.0,440.0,442.46,154183
2026-04-29,440.0,448.0,430.0,433.99,173721
2026-04-30,425.0,429.89,406.0,420.73,325948
2026-05-04,429.98,445.0,416.12,422.11,304689
2026-05-05,419.0,429.0,412.52,425.71,166962
2026-05-06,432.0,452.99,432.0,449.32,452397
2026-05-07,452.0,465.77,450.0,462.63,523580
2026-05-08,458.5,461.2,452.0,454.64,210725
2026-05-11,445.02,457.0,439.0,442.72,400495
2026-05-12,444.0,450.0,438.0,439.64,150481
2026-05-13,449.0,449.0,435.0,441.44,149129
2026-05-14,444.78,444.78,433.0,433.97,135145
2026-05-15,432.0,433.9,423.12,429.26,151113
2026-05-18,429.0,429.0,415.0,416.56,83863
2026-05-19,422.0,424.98,420.0,422.84,83473
2026-05-20,423.0,432.8,420.61,431.05,125847
2026-05-21,440.0,445.65,439.0,441.49,167720
2026-05-22,442.79,442.99,429.0,434.51,211254
2026-05-25,449.0,450.0,440.0,441.48,264139
2026-05-29,444.98,456.99,430.0,454.59,433477
2026-06-01,445.0,464.75,445.0,448.35,739551
2026-06-02,448.35,460.0,448.35,451.96,422186
2026-06-03,451.0,458.0,446.0,450.2,213038
2026-06-04,447.05,458.9,447.05,456.27,286129
2026-06-05,459.75,476.0,458.01,471.53,1335781
2026-06-08,469.9,469.9,455.0,458.29,509714
2026-06-09,468.0,473.0,465.05,470.8,514990
2026-06-10,469.0,482.0,465.0,475.3,853050
2026-06-11,461.0,474.99,461.0,471.34,405635
2026-06-12,479.89,490.1,475.31,485.33,1050716
2026-06-15,501.5,533.86,495.3,533.86,2986063
2026-06-16,544.01,563.0,544.01,550.1,2274922
2026-06-17,552.0,553.0,540.1,543.04,571738
2026-06-18,545.0,555.0,537.01,544.14,574978
2026-06-19,545.75,552.0,526.1,531.99,525603
2026-06-22,539.0,539.0,521.0,522.85,379148
2026-06-23,525.0,525.0,516.0,518.49,222725
2026-06-24,520.0,551.0,517.11,544.23,877178
2026-06-29,541.22,554.0,539.0,549.63,583871
2026-06-30,553.99,569.8,550.55,562.02,1185620
2026-07-01,565.0,589.98,565.0,583.21,2797731
2026-07-02,589.05,596.0,572.0,576.02,1723392
2026-07-03,577.89,586.5,567.0,584.28,1053237
2026-07-06,591.0,593.0,584.0,591.76,1122149
2026-07-07,592.25,593.99,578.11,580.02,719484
2026-07-08,569.0,579.0,553.0,561.79,1232282
2026-07-09,550.0,604.5,545.34,595.45,4443510
2026-07-10,598.99,627.97,593.0,607.97,4580575
2026-07-13,595.05,623.9,591.0,606.42,2792136
2026-07-14,595.05,603.0,555.0,557.83,2210807
2026-07-15,560.0,579.89,560.0,569.11,1182152
2026-07-16,572.0,584.0,569.11,581.95,879637
2026-07-17,584.8,584.8,568.0,572.23,405460
2026-07-20,561.16,578.89,556.7,576.42,907769
2026-07-21,589.0,590.0,570.51,572.67,611846
2026-07-22,572.0,578.5,561.11,573.79,587633
2026-07-23,575.0,577.77,560.0,563.16,458220
2026-07-24,558.0,571.0,546.0,562.42,581208
2026-07-27,578.0,601.77,578.0,598.93,1457602
2026-07-28,600.21,604.25,592.02,597.58,1110647
2026-07-29,593.5,596.0,586.05,591.55,446640
2026-07-30,588.0,595.99,583.0,592.14,495000
2026-07-31,589.0,598.0,587.0,589.19,373069
2026-08-03,600.0,610.49,593.02,601.37,1353405
2026-08-04,601.37,604.25,593.0,595.0,337153
2026-08-05,605.0,615.0,602.07,608.16,966422
2026-08-06,612.0,621.99,612.0,615.47,973196
2026-08-07,613.0,615.97,608.0,610.18,255711
2026-08-10,608.2,620.5,608.0,617.39,614128
2026-08-11,612.51,641.0,608.0,632.21,1826615
2026-08-12,634.99,657.0,629.0,648.34,1495040
