Ticker,Model,Target,MAE,MAPE,Accuracy_%,FeatureSet
BAHL,LSTM,Target_High,1.37,1.27,98.73,"New (return target, stationary features)"
BAHL,LSTM,Target_High,4.17,3.89,96.11,"Old (price target, raw features)"
BAHL,Linear Regression,Target_High,1.21,1.14,98.86,"New (return target, stationary features)"
BAHL,Linear Regression,Target_High,1.36,1.3,98.7,"Old (price target, raw features)"
BAHL,Random Forest,Target_High,1.18,1.12,98.88,"New (return target, stationary features)"
BAHL,Random Forest,Target_High,1.2,1.14,98.86,"Old (price target, raw features)"
BAHL,XGBoost,Target_High,1.18,1.13,98.87,"New (return target, stationary features)"
BAHL,XGBoost,Target_High,1.23,1.17,98.83,"Old (price target, raw features)"
BAHL,LSTM,Target_Low,1.18,1.15,98.85,"New (return target, stationary features)"
BAHL,LSTM,Target_Low,4.15,4.07,95.93,"Old (price target, raw features)"
BAHL,Linear Regression,Target_Low,1.21,1.21,98.79,"New (return target, stationary features)"
BAHL,Linear Regression,Target_Low,1.42,1.43,98.57,"Old (price target, raw features)"
BAHL,Random Forest,Target_Low,1.2,1.19,98.81,"New (return target, stationary features)"
BAHL,Random Forest,Target_Low,1.22,1.21,98.79,"Old (price target, raw features)"
BAHL,XGBoost,Target_Low,1.22,1.22,98.78,"New (return target, stationary features)"
BAHL,XGBoost,Target_Low,1.2,1.19,98.81,"Old (price target, raw features)"
COLG,LSTM,Target_High,12.92,0.98,99.02,"New (return target, stationary features)"
COLG,LSTM,Target_High,53.12,4.11,95.89,"Old (price target, raw features)"
COLG,Linear Regression,Target_High,10.68,0.79,99.21,"New (return target, stationary features)"
COLG,Linear Regression,Target_High,10.35,0.77,99.23,"Old (price target, raw features)"
COLG,Random Forest,Target_High,10.73,0.8,99.2,"New (return target, stationary features)"
COLG,Random Forest,Target_High,14.73,1.1,98.9,"Old (price target, raw features)"
COLG,XGBoost,Target_High,10.64,0.79,99.21,"New (return target, stationary features)"
COLG,XGBoost,Target_High,12.77,0.95,99.05,"Old (price target, raw features)"
COLG,LSTM,Target_Low,9.4,0.76,99.24,"New (return target, stationary features)"
COLG,LSTM,Target_Low,28.19,2.2,97.8,"Old (price target, raw features)"
COLG,Linear Regression,Target_Low,10.42,0.82,99.18,"New (return target, stationary features)"
COLG,Linear Regression,Target_Low,10.65,0.84,99.16,"Old (price target, raw features)"
COLG,Random Forest,Target_Low,10.82,0.85,99.15,"New (return target, stationary features)"
COLG,Random Forest,Target_Low,17.92,1.39,98.61,"Old (price target, raw features)"
COLG,XGBoost,Target_Low,10.74,0.84,99.16,"New (return target, stationary features)"
COLG,XGBoost,Target_Low,14.5,1.13,98.87,"Old (price target, raw features)"
DGKC,LSTM,Target_High,1.15,1.34,98.66,"New (return target, stationary features)"
DGKC,LSTM,Target_High,4.37,5.07,94.93,"Old (price target, raw features)"
DGKC,Linear Regression,Target_High,1.07,1.25,98.75,"New (return target, stationary features)"
DGKC,Linear Regression,Target_High,1.3,1.55,98.45,"Old (price target, raw features)"
DGKC,Random Forest,Target_High,1.07,1.26,98.74,"New (return target, stationary features)"
DGKC,Random Forest,Target_High,1.1,1.29,98.71,"Old (price target, raw features)"
DGKC,XGBoost,Target_High,1.07,1.25,98.75,"New (return target, stationary features)"
DGKC,XGBoost,Target_High,1.12,1.32,98.68,"Old (price target, raw features)"
DGKC,LSTM,Target_Low,1.02,1.25,98.75,"New (return target, stationary features)"
DGKC,LSTM,Target_Low,3.8,4.65,95.35,"Old (price target, raw features)"
DGKC,Linear Regression,Target_Low,1.04,1.29,98.71,"New (return target, stationary features)"
DGKC,Linear Regression,Target_Low,1.27,1.58,98.42,"Old (price target, raw features)"
DGKC,Random Forest,Target_Low,1.04,1.29,98.71,"New (return target, stationary features)"
DGKC,Random Forest,Target_Low,1.02,1.28,98.72,"Old (price target, raw features)"
DGKC,XGBoost,Target_Low,1.03,1.28,98.72,"New (return target, stationary features)"
DGKC,XGBoost,Target_Low,1.02,1.27,98.73,"Old (price target, raw features)"
EFERT,LSTM,Target_High,2.05,1.17,98.83,"New (return target, stationary features)"
EFERT,LSTM,Target_High,8.05,4.61,95.39,"Old (price target, raw features)"
EFERT,Linear Regression,Target_High,1.88,1.11,98.89,"New (return target, stationary features)"
EFERT,Linear Regression,Target_High,1.97,1.16,98.84,"Old (price target, raw features)"
EFERT,Random Forest,Target_High,1.9,1.13,98.87,"New (return target, stationary features)"
EFERT,Random Forest,Target_High,2.1,1.25,98.75,"Old (price target, raw features)"
EFERT,XGBoost,Target_High,1.87,1.1,98.9,"New (return target, stationary features)"
EFERT,XGBoost,Target_High,2.01,1.18,98.82,"Old (price target, raw features)"
EFERT,LSTM,Target_Low,1.6,0.94,99.06,"New (return target, stationary features)"
EFERT,LSTM,Target_Low,4.38,2.61,97.39,"Old (price target, raw features)"
EFERT,Linear Regression,Target_Low,1.53,0.93,99.07,"New (return target, stationary features)"
EFERT,Linear Regression,Target_Low,1.66,1.03,98.97,"Old (price target, raw features)"
EFERT,Random Forest,Target_Low,1.51,0.92,99.08,"New (return target, stationary features)"
EFERT,Random Forest,Target_Low,1.63,1.0,99.0,"Old (price target, raw features)"
EFERT,XGBoost,Target_Low,1.56,0.95,99.05,"New (return target, stationary features)"
EFERT,XGBoost,Target_Low,1.79,1.09,98.91,"Old (price target, raw features)"
ENGROH,LSTM,Target_High,2.54,1.54,98.46,"New (return target, stationary features)"
ENGROH,LSTM,Target_High,7.19,4.44,95.56,"Old (price target, raw features)"
ENGROH,Linear Regression,Target_High,2.18,1.35,98.65,"New (return target, stationary features)"
ENGROH,Linear Regression,Target_High,2.4,1.5,98.5,"Old (price target, raw features)"
ENGROH,Random Forest,Target_High,2.16,1.34,98.66,"New (return target, stationary features)"
ENGROH,Random Forest,Target_High,2.28,1.41,98.59,"Old (price target, raw features)"
ENGROH,XGBoost,Target_High,2.18,1.35,98.65,"New (return target, stationary features)"
ENGROH,XGBoost,Target_High,2.31,1.42,98.58,"Old (price target, raw features)"
ENGROH,LSTM,Target_Low,1.79,1.14,98.86,"New (return target, stationary features)"
ENGROH,LSTM,Target_Low,5.8,3.8,96.2,"Old (price target, raw features)"
ENGROH,Linear Regression,Target_Low,1.67,1.1,98.9,"New (return target, stationary features)"
ENGROH,Linear Regression,Target_Low,1.91,1.26,98.74,"Old (price target, raw features)"
ENGROH,Random Forest,Target_Low,1.67,1.09,98.91,"New (return target, stationary features)"
ENGROH,Random Forest,Target_Low,1.81,1.18,98.82,"Old (price target, raw features)"
ENGROH,XGBoost,Target_Low,1.73,1.13,98.87,"New (return target, stationary features)"
ENGROH,XGBoost,Target_Low,1.83,1.17,98.83,"Old (price target, raw features)"
FFC,LSTM,Target_High,3.49,1.56,98.44,"New (return target, stationary features)"
FFC,LSTM,Target_High,9.87,4.52,95.48,"Old (price target, raw features)"
FFC,Linear Regression,Target_High,2.91,1.32,98.68,"New (return target, stationary features)"
FFC,Linear Regression,Target_High,2.91,1.33,98.67,"Old (price target, raw features)"
FFC,Random Forest,Target_High,2.92,1.33,98.67,"New (return target, stationary features)"
FFC,Random Forest,Target_High,3.13,1.44,98.56,"Old (price target, raw features)"
FFC,XGBoost,Target_High,2.88,1.31,98.69,"New (return target, stationary features)"
FFC,XGBoost,Target_High,4.17,1.73,98.27,"Old (price target, raw features)"
FFC,LSTM,Target_Low,2.42,1.1,98.9,"New (return target, stationary features)"
FFC,LSTM,Target_Low,6.2,3.02,96.98,"Old (price target, raw features)"
FFC,Linear Regression,Target_Low,2.21,1.04,98.96,"New (return target, stationary features)"
FFC,Linear Regression,Target_Low,2.45,1.2,98.8,"Old (price target, raw features)"
FFC,Random Forest,Target_Low,2.22,1.05,98.95,"New (return target, stationary features)"
FFC,Random Forest,Target_Low,2.77,1.27,98.73,"Old (price target, raw features)"
FFC,XGBoost,Target_Low,2.23,1.06,98.94,"New (return target, stationary features)"
FFC,XGBoost,Target_Low,3.5,1.51,98.49,"Old (price target, raw features)"
HBL,LSTM,Target_High,1.79,1.29,98.71,"New (return target, stationary features)"
HBL,LSTM,Target_High,5.42,4.07,95.93,"Old (price target, raw features)"
HBL,Linear Regression,Target_High,1.44,1.06,98.94,"New (return target, stationary features)"
HBL,Linear Regression,Target_High,1.51,1.12,98.88,"Old (price target, raw features)"
HBL,Random Forest,Target_High,1.44,1.06,98.94,"New (return target, stationary features)"
HBL,Random Forest,Target_High,1.52,1.11,98.89,"Old (price target, raw features)"
HBL,XGBoost,Target_High,1.41,1.05,98.95,"New (return target, stationary features)"
HBL,XGBoost,Target_High,1.44,1.06,98.94,"Old (price target, raw features)"
HBL,LSTM,Target_Low,1.19,0.92,99.08,"New (return target, stationary features)"
HBL,LSTM,Target_Low,5.0,3.92,96.08,"Old (price target, raw features)"
HBL,Linear Regression,Target_Low,1.2,0.94,99.06,"New (return target, stationary features)"
HBL,Linear Regression,Target_Low,1.38,1.1,98.9,"Old (price target, raw features)"
HBL,Random Forest,Target_Low,1.19,0.93,99.07,"New (return target, stationary features)"
HBL,Random Forest,Target_Low,1.24,0.98,99.02,"Old (price target, raw features)"
HBL,XGBoost,Target_Low,1.13,0.89,99.11,"New (return target, stationary features)"
HBL,XGBoost,Target_Low,1.19,0.93,99.07,"Old (price target, raw features)"
HUBC,LSTM,Target_High,1.8,1.35,98.65,"New (return target, stationary features)"
HUBC,LSTM,Target_High,7.07,5.5,94.5,"Old (price target, raw features)"
HUBC,Linear Regression,Target_High,1.63,1.23,98.77,"New (return target, stationary features)"
HUBC,Linear Regression,Target_High,1.74,1.33,98.67,"Old (price target, raw features)"
HUBC,Random Forest,Target_High,1.64,1.24,98.76,"New (return target, stationary features)"
HUBC,Random Forest,Target_High,1.7,1.28,98.72,"Old (price target, raw features)"
HUBC,XGBoost,Target_High,1.61,1.22,98.78,"New (return target, stationary features)"
HUBC,XGBoost,Target_High,1.6,1.22,98.78,"Old (price target, raw features)"
HUBC,LSTM,Target_Low,1.67,1.34,98.66,"New (return target, stationary features)"
HUBC,LSTM,Target_Low,13.48,12.18,87.82,"Old (price target, raw features)"
HUBC,Linear Regression,Target_Low,1.57,1.26,98.74,"New (return target, stationary features)"
HUBC,Linear Regression,Target_Low,1.74,1.41,98.59,"Old (price target, raw features)"
HUBC,Random Forest,Target_Low,1.57,1.27,98.73,"New (return target, stationary features)"
HUBC,Random Forest,Target_Low,1.65,1.33,98.67,"Old (price target, raw features)"
HUBC,XGBoost,Target_Low,1.58,1.27,98.73,"New (return target, stationary features)"
HUBC,XGBoost,Target_Low,1.65,1.32,98.68,"Old (price target, raw features)"
ILP,LSTM,Target_High,0.92,1.25,98.75,"New (return target, stationary features)"
ILP,LSTM,Target_High,2.7,3.69,96.31,"Old (price target, raw features)"
ILP,Linear Regression,Target_High,0.83,1.12,98.88,"New (return target, stationary features)"
ILP,Linear Regression,Target_High,1.23,1.68,98.32,"Old (price target, raw features)"
ILP,Random Forest,Target_High,0.83,1.13,98.87,"New (return target, stationary features)"
ILP,Random Forest,Target_High,0.87,1.18,98.82,"Old (price target, raw features)"
ILP,XGBoost,Target_High,0.85,1.15,98.85,"New (return target, stationary features)"
ILP,XGBoost,Target_High,0.89,1.2,98.8,"Old (price target, raw features)"
ILP,LSTM,Target_Low,0.88,1.25,98.75,"New (return target, stationary features)"
ILP,LSTM,Target_Low,4.06,5.7,94.3,"Old (price target, raw features)"
ILP,Linear Regression,Target_Low,0.87,1.23,98.77,"New (return target, stationary features)"
ILP,Linear Regression,Target_Low,1.31,1.85,98.15,"Old (price target, raw features)"
ILP,Random Forest,Target_Low,0.84,1.19,98.81,"New (return target, stationary features)"
ILP,Random Forest,Target_Low,0.81,1.15,98.85,"Old (price target, raw features)"
ILP,XGBoost,Target_Low,0.85,1.22,98.78,"New (return target, stationary features)"
ILP,XGBoost,Target_Low,0.84,1.19,98.81,"Old (price target, raw features)"
INDU,LSTM,Target_High,18.11,1.01,98.99,"New (return target, stationary features)"
INDU,LSTM,Target_High,42.57,2.4,97.6,"Old (price target, raw features)"
INDU,Linear Regression,Target_High,17.6,1.0,99.0,"New (return target, stationary features)"
INDU,Linear Regression,Target_High,17.32,0.99,99.01,"Old (price target, raw features)"
INDU,Random Forest,Target_High,18.23,1.04,98.96,"New (return target, stationary features)"
INDU,Random Forest,Target_High,20.87,1.18,98.82,"Old (price target, raw features)"
INDU,XGBoost,Target_High,18.31,1.04,98.96,"New (return target, stationary features)"
INDU,XGBoost,Target_High,23.97,1.35,98.65,"Old (price target, raw features)"
INDU,LSTM,Target_Low,17.59,1.03,98.97,"New (return target, stationary features)"
INDU,LSTM,Target_Low,52.59,3.06,96.94,"Old (price target, raw features)"
INDU,Linear Regression,Target_Low,18.03,1.08,98.92,"New (return target, stationary features)"
INDU,Linear Regression,Target_Low,17.27,1.04,98.96,"Old (price target, raw features)"
INDU,Random Forest,Target_Low,17.89,1.07,98.93,"New (return target, stationary features)"
INDU,Random Forest,Target_Low,20.62,1.23,98.77,"Old (price target, raw features)"
INDU,XGBoost,Target_Low,18.09,1.08,98.92,"New (return target, stationary features)"
INDU,XGBoost,Target_Low,22.21,1.33,98.67,"Old (price target, raw features)"
LUCK,LSTM,Target_High,9.72,1.02,98.98,"New (return target, stationary features)"
LUCK,LSTM,Target_High,20.51,2.18,97.82,"Old (price target, raw features)"
LUCK,Linear Regression,Target_High,8.72,0.93,99.07,"New (return target, stationary features)"
LUCK,Linear Regression,Target_High,9.29,0.99,99.01,"Old (price target, raw features)"
LUCK,Random Forest,Target_High,9.08,0.97,99.03,"New (return target, stationary features)"
LUCK,Random Forest,Target_High,9.76,1.05,98.95,"Old (price target, raw features)"
LUCK,XGBoost,Target_High,9.19,0.98,99.02,"New (return target, stationary features)"
LUCK,XGBoost,Target_High,12.85,1.42,98.58,"Old (price target, raw features)"
LUCK,LSTM,Target_Low,8.44,0.93,99.07,"New (return target, stationary features)"
LUCK,LSTM,Target_Low,21.87,2.4,97.6,"Old (price target, raw features)"
LUCK,Linear Regression,Target_Low,8.41,0.95,99.05,"New (return target, stationary features)"
LUCK,Linear Regression,Target_Low,8.9,1.0,99.0,"Old (price target, raw features)"
LUCK,Random Forest,Target_Low,8.43,0.95,99.05,"New (return target, stationary features)"
LUCK,Random Forest,Target_Low,9.25,1.04,98.96,"Old (price target, raw features)"
LUCK,XGBoost,Target_Low,8.4,0.95,99.05,"New (return target, stationary features)"
LUCK,XGBoost,Target_Low,11.82,1.35,98.65,"Old (price target, raw features)"
MARI,LSTM,Target_High,39.7,5.1,94.9,"New (return target, stationary features)"
MARI,LSTM,Target_High,153.63,26.23,73.77,"Old (price target, raw features)"
MARI,Linear Regression,Target_High,46.03,6.47,93.53,"New (return target, stationary features)"
MARI,Linear Regression,Target_High,50.05,6.81,93.19,"Old (price target, raw features)"
MARI,Random Forest,Target_High,37.13,4.57,95.43,"New (return target, stationary features)"
MARI,Random Forest,Target_High,66.28,5.91,94.09,"Old (price target, raw features)"
MARI,XGBoost,Target_High,36.83,4.56,95.44,"New (return target, stationary features)"
MARI,XGBoost,Target_High,207.28,13.66,86.34,"Old (price target, raw features)"
MARI,LSTM,Target_Low,36.03,4.82,95.18,"New (return target, stationary features)"
MARI,LSTM,Target_Low,217.96,35.08,64.92,"Old (price target, raw features)"
MARI,Linear Regression,Target_Low,44.62,6.49,93.51,"New (return target, stationary features)"
MARI,Linear Regression,Target_Low,47.81,6.73,93.27,"Old (price target, raw features)"
MARI,Random Forest,Target_Low,36.53,4.47,95.53,"New (return target, stationary features)"
MARI,Random Forest,Target_Low,56.81,5.85,94.15,"Old (price target, raw features)"
MARI,XGBoost,Target_Low,36.8,4.55,95.45,"New (return target, stationary features)"
MARI,XGBoost,Target_Low,185.37,14.24,85.76,"Old (price target, raw features)"
MCB,LSTM,Target_High,2.73,1.14,98.86,"New (return target, stationary features)"
MCB,LSTM,Target_High,8.47,3.6,96.4,"Old (price target, raw features)"
MCB,Linear Regression,Target_High,2.29,0.97,99.03,"New (return target, stationary features)"
MCB,Linear Regression,Target_High,2.35,1.0,99.0,"Old (price target, raw features)"
MCB,Random Forest,Target_High,2.27,0.97,99.03,"New (return target, stationary features)"
MCB,Random Forest,Target_High,2.72,1.16,98.84,"Old (price target, raw features)"
MCB,XGBoost,Target_High,2.27,0.97,99.03,"New (return target, stationary features)"
MCB,XGBoost,Target_High,4.23,1.74,98.26,"Old (price target, raw features)"
MCB,LSTM,Target_Low,2.28,1.0,99.0,"New (return target, stationary features)"
MCB,LSTM,Target_Low,6.53,2.87,97.13,"Old (price target, raw features)"
MCB,Linear Regression,Target_Low,2.16,0.96,99.04,"New (return target, stationary features)"
MCB,Linear Regression,Target_Low,2.3,1.04,98.96,"Old (price target, raw features)"
MCB,Random Forest,Target_Low,2.11,0.94,99.06,"New (return target, stationary features)"
MCB,Random Forest,Target_Low,2.49,1.11,98.89,"Old (price target, raw features)"
MCB,XGBoost,Target_Low,2.13,0.95,99.05,"New (return target, stationary features)"
MCB,XGBoost,Target_Low,4.33,1.85,98.15,"Old (price target, raw features)"
MEBL,LSTM,Target_High,2.69,1.16,98.84,"New (return target, stationary features)"
MEBL,LSTM,Target_High,9.25,3.97,96.03,"Old (price target, raw features)"
MEBL,Linear Regression,Target_High,2.33,1.04,98.96,"New (return target, stationary features)"
MEBL,Linear Regression,Target_High,2.38,1.06,98.94,"Old (price target, raw features)"
MEBL,Random Forest,Target_High,2.31,1.03,98.97,"New (return target, stationary features)"
MEBL,Random Forest,Target_High,2.9,1.28,98.72,"Old (price target, raw features)"
MEBL,XGBoost,Target_High,2.31,1.03,98.97,"New (return target, stationary features)"
MEBL,XGBoost,Target_High,2.87,1.26,98.74,"Old (price target, raw features)"
MEBL,LSTM,Target_Low,2.37,1.07,98.93,"New (return target, stationary features)"
MEBL,LSTM,Target_Low,6.9,3.11,96.89,"Old (price target, raw features)"
MEBL,Linear Regression,Target_Low,2.3,1.07,98.93,"New (return target, stationary features)"
MEBL,Linear Regression,Target_Low,2.4,1.13,98.87,"Old (price target, raw features)"
MEBL,Random Forest,Target_Low,2.23,1.04,98.96,"New (return target, stationary features)"
MEBL,Random Forest,Target_Low,2.33,1.08,98.92,"Old (price target, raw features)"
MEBL,XGBoost,Target_Low,2.29,1.07,98.93,"New (return target, stationary features)"
MEBL,XGBoost,Target_Low,3.32,1.51,98.49,"Old (price target, raw features)"
MLCF,LSTM,Target_High,0.51,1.3,98.7,"New (return target, stationary features)"
MLCF,LSTM,Target_High,7.91,19.02,80.98,"Old (price target, raw features)"
MLCF,Linear Regression,Target_High,0.48,1.2,98.8,"New (return target, stationary features)"
MLCF,Linear Regression,Target_High,0.98,2.48,97.52,"Old (price target, raw features)"
MLCF,Random Forest,Target_High,0.48,1.2,98.8,"New (return target, stationary features)"
MLCF,Random Forest,Target_High,0.51,1.29,98.71,"Old (price target, raw features)"
MLCF,XGBoost,Target_High,0.48,1.21,98.79,"New (return target, stationary features)"
MLCF,XGBoost,Target_High,0.71,1.8,98.2,"Old (price target, raw features)"
MLCF,LSTM,Target_Low,0.47,1.26,98.74,"New (return target, stationary features)"
MLCF,LSTM,Target_Low,18.37,48.41,51.59,"Old (price target, raw features)"
MLCF,Linear Regression,Target_Low,0.47,1.24,98.76,"New (return target, stationary features)"
MLCF,Linear Regression,Target_Low,1.15,3.02,96.98,"Old (price target, raw features)"
MLCF,Random Forest,Target_Low,0.46,1.22,98.78,"New (return target, stationary features)"
MLCF,Random Forest,Target_Low,0.51,1.36,98.64,"Old (price target, raw features)"
MLCF,XGBoost,Target_Low,0.47,1.23,98.77,"New (return target, stationary features)"
MLCF,XGBoost,Target_Low,0.64,1.71,98.29,"Old (price target, raw features)"
NESTLE,LSTM,Target_High,82.95,1.14,98.86,"New (return target, stationary features)"
NESTLE,LSTM,Target_High,278.92,3.85,96.15,"Old (price target, raw features)"
NESTLE,Linear Regression,Target_High,92.05,1.23,98.77,"New (return target, stationary features)"
NESTLE,Linear Regression,Target_High,91.75,1.23,98.77,"Old (price target, raw features)"
NESTLE,Random Forest,Target_High,93.11,1.25,98.75,"New (return target, stationary features)"
NESTLE,Random Forest,Target_High,123.96,1.67,98.33,"Old (price target, raw features)"
NESTLE,XGBoost,Target_High,92.13,1.24,98.76,"New (return target, stationary features)"
NESTLE,XGBoost,Target_High,250.98,3.33,96.67,"Old (price target, raw features)"
NESTLE,LSTM,Target_Low,70.66,1.01,98.99,"New (return target, stationary features)"
NESTLE,LSTM,Target_Low,244.86,3.42,96.58,"Old (price target, raw features)"
NESTLE,Linear Regression,Target_Low,85.04,1.19,98.81,"New (return target, stationary features)"
NESTLE,Linear Regression,Target_Low,81.81,1.14,98.86,"Old (price target, raw features)"
NESTLE,Random Forest,Target_Low,86.06,1.2,98.8,"New (return target, stationary features)"
NESTLE,Random Forest,Target_Low,152.72,2.13,97.87,"Old (price target, raw features)"
NESTLE,XGBoost,Target_Low,83.0,1.16,98.84,"New (return target, stationary features)"
NESTLE,XGBoost,Target_Low,260.01,3.55,96.45,"Old (price target, raw features)"
NETSOL,LSTM,Target_High,2.19,1.61,98.39,"New (return target, stationary features)"
NETSOL,LSTM,Target_High,5.31,3.9,96.1,"Old (price target, raw features)"
NETSOL,Linear Regression,Target_High,2.01,1.51,98.49,"New (return target, stationary features)"
NETSOL,Linear Regression,Target_High,2.09,1.58,98.42,"Old (price target, raw features)"
NETSOL,Random Forest,Target_High,1.97,1.48,98.52,"New (return target, stationary features)"
NETSOL,Random Forest,Target_High,2.04,1.53,98.47,"Old (price target, raw features)"
NETSOL,XGBoost,Target_High,2.0,1.51,98.49,"New (return target, stationary features)"
NETSOL,XGBoost,Target_High,2.01,1.52,98.48,"Old (price target, raw features)"
NETSOL,LSTM,Target_Low,2.04,1.58,98.42,"New (return target, stationary features)"
NETSOL,LSTM,Target_Low,6.32,4.99,95.01,"Old (price target, raw features)"
NETSOL,Linear Regression,Target_Low,1.95,1.56,98.44,"New (return target, stationary features)"
NETSOL,Linear Regression,Target_Low,2.06,1.63,98.37,"Old (price target, raw features)"
NETSOL,Random Forest,Target_Low,1.98,1.58,98.42,"New (return target, stationary features)"
NETSOL,Random Forest,Target_Low,1.91,1.53,98.47,"Old (price target, raw features)"
NETSOL,XGBoost,Target_Low,2.03,1.62,98.38,"New (return target, stationary features)"
NETSOL,XGBoost,Target_Low,1.87,1.5,98.5,"Old (price target, raw features)"
OGDC,LSTM,Target_High,2.19,1.4,98.6,"New (return target, stationary features)"
OGDC,LSTM,Target_High,7.83,4.92,95.08,"Old (price target, raw features)"
OGDC,Linear Regression,Target_High,2.23,1.46,98.54,"New (return target, stationary features)"
OGDC,Linear Regression,Target_High,2.37,1.56,98.44,"Old (price target, raw features)"
OGDC,Random Forest,Target_High,2.2,1.44,98.56,"New (return target, stationary features)"
OGDC,Random Forest,Target_High,2.34,1.51,98.49,"Old (price target, raw features)"
OGDC,XGBoost,Target_High,2.21,1.45,98.55,"New (return target, stationary features)"
OGDC,XGBoost,Target_High,2.22,1.44,98.56,"Old (price target, raw features)"
OGDC,LSTM,Target_Low,1.6,1.07,98.93,"New (return target, stationary features)"
OGDC,LSTM,Target_Low,8.2,5.2,94.8,"Old (price target, raw features)"
OGDC,Linear Regression,Target_Low,1.79,1.23,98.77,"New (return target, stationary features)"
OGDC,Linear Regression,Target_Low,1.94,1.35,98.65,"Old (price target, raw features)"
OGDC,Random Forest,Target_Low,1.76,1.2,98.8,"New (return target, stationary features)"
OGDC,Random Forest,Target_Low,1.88,1.27,98.73,"Old (price target, raw features)"
OGDC,XGBoost,Target_Low,1.81,1.23,98.77,"New (return target, stationary features)"
OGDC,XGBoost,Target_Low,1.87,1.28,98.72,"Old (price target, raw features)"
PAKT,LSTM,Target_High,21.71,2.0,98.0,"New (return target, stationary features)"
PAKT,LSTM,Target_High,33.3,3.03,96.97,"Old (price target, raw features)"
PAKT,Linear Regression,Target_High,22.79,2.11,97.89,"New (return target, stationary features)"
PAKT,Linear Regression,Target_High,23.1,2.13,97.87,"Old (price target, raw features)"
PAKT,Random Forest,Target_High,22.64,2.1,97.9,"New (return target, stationary features)"
PAKT,Random Forest,Target_High,22.49,2.08,97.92,"Old (price target, raw features)"
PAKT,XGBoost,Target_High,22.8,2.11,97.89,"New (return target, stationary features)"
PAKT,XGBoost,Target_High,23.2,2.15,97.85,"Old (price target, raw features)"
PAKT,LSTM,Target_Low,21.37,2.11,97.89,"New (return target, stationary features)"
PAKT,LSTM,Target_Low,42.92,4.13,95.87,"Old (price target, raw features)"
PAKT,Linear Regression,Target_Low,23.47,2.31,97.69,"New (return target, stationary features)"
PAKT,Linear Regression,Target_Low,23.22,2.29,97.71,"Old (price target, raw features)"
PAKT,Random Forest,Target_Low,23.17,2.28,97.72,"New (return target, stationary features)"
PAKT,Random Forest,Target_Low,24.38,2.41,97.59,"Old (price target, raw features)"
PAKT,XGBoost,Target_Low,23.43,2.3,97.7,"New (return target, stationary features)"
PAKT,XGBoost,Target_Low,24.16,2.38,97.62,"Old (price target, raw features)"
PPL,LSTM,Target_High,1.86,1.37,98.63,"New (return target, stationary features)"
PPL,LSTM,Target_High,5.81,4.35,95.65,"Old (price target, raw features)"
PPL,Linear Regression,Target_High,1.9,1.42,98.58,"New (return target, stationary features)"
PPL,Linear Regression,Target_High,2.08,1.56,98.44,"Old (price target, raw features)"
PPL,Random Forest,Target_High,1.89,1.4,98.6,"New (return target, stationary features)"
PPL,Random Forest,Target_High,1.92,1.43,98.57,"Old (price target, raw features)"
PPL,XGBoost,Target_High,1.84,1.36,98.64,"New (return target, stationary features)"
PPL,XGBoost,Target_High,1.93,1.42,98.58,"Old (price target, raw features)"
PPL,LSTM,Target_Low,1.49,1.14,98.86,"New (return target, stationary features)"
PPL,LSTM,Target_Low,6.35,4.76,95.24,"Old (price target, raw features)"
PPL,Linear Regression,Target_Low,1.64,1.29,98.71,"New (return target, stationary features)"
PPL,Linear Regression,Target_Low,1.84,1.47,98.53,"Old (price target, raw features)"
PPL,Random Forest,Target_Low,1.63,1.27,98.73,"New (return target, stationary features)"
PPL,Random Forest,Target_Low,1.62,1.27,98.73,"Old (price target, raw features)"
PPL,XGBoost,Target_Low,1.66,1.29,98.71,"New (return target, stationary features)"
PPL,XGBoost,Target_Low,1.68,1.31,98.69,"Old (price target, raw features)"
PSO,LSTM,Target_High,3.17,1.38,98.62,"New (return target, stationary features)"
PSO,LSTM,Target_High,10.79,4.09,95.91,"Old (price target, raw features)"
PSO,Linear Regression,Target_High,2.91,1.3,98.7,"New (return target, stationary features)"
PSO,Linear Regression,Target_High,3.08,1.37,98.63,"Old (price target, raw features)"
PSO,Random Forest,Target_High,2.96,1.32,98.68,"New (return target, stationary features)"
PSO,Random Forest,Target_High,3.31,1.45,98.55,"Old (price target, raw features)"
PSO,XGBoost,Target_High,2.96,1.32,98.68,"New (return target, stationary features)"
PSO,XGBoost,Target_High,4.21,1.69,98.31,"Old (price target, raw features)"
PSO,LSTM,Target_Low,2.42,1.16,98.84,"New (return target, stationary features)"
PSO,LSTM,Target_Low,12.36,4.82,95.18,"Old (price target, raw features)"
PSO,Linear Regression,Target_Low,2.55,1.26,98.74,"New (return target, stationary features)"
PSO,Linear Regression,Target_Low,2.82,1.4,98.6,"Old (price target, raw features)"
PSO,Random Forest,Target_Low,2.61,1.27,98.73,"New (return target, stationary features)"
PSO,Random Forest,Target_Low,2.76,1.36,98.64,"Old (price target, raw features)"
PSO,XGBoost,Target_Low,2.6,1.28,98.72,"New (return target, stationary features)"
PSO,XGBoost,Target_Low,4.12,1.78,98.22,"Old (price target, raw features)"
SYS,LSTM,Target_High,5.87,1.23,98.77,"New (return target, stationary features)"
SYS,LSTM,Target_High,10.63,2.24,97.76,"Old (price target, raw features)"
SYS,Linear Regression,Target_High,5.29,1.12,98.88,"New (return target, stationary features)"
SYS,Linear Regression,Target_High,5.25,1.11,98.89,"Old (price target, raw features)"
SYS,Random Forest,Target_High,5.19,1.09,98.91,"New (return target, stationary features)"
SYS,Random Forest,Target_High,6.53,1.41,98.59,"Old (price target, raw features)"
SYS,XGBoost,Target_High,5.17,1.08,98.92,"New (return target, stationary features)"
SYS,XGBoost,Target_High,7.42,1.57,98.43,"Old (price target, raw features)"
SYS,LSTM,Target_Low,4.92,1.09,98.91,"New (return target, stationary features)"
SYS,LSTM,Target_Low,9.82,2.16,97.84,"Old (price target, raw features)"
SYS,Linear Regression,Target_Low,4.85,1.08,98.92,"New (return target, stationary features)"
SYS,Linear Regression,Target_Low,4.74,1.06,98.94,"Old (price target, raw features)"
SYS,Random Forest,Target_Low,4.82,1.08,98.92,"New (return target, stationary features)"
SYS,Random Forest,Target_Low,5.69,1.27,98.73,"Old (price target, raw features)"
SYS,XGBoost,Target_Low,4.82,1.08,98.92,"New (return target, stationary features)"
SYS,XGBoost,Target_Low,5.7,1.27,98.73,"Old (price target, raw features)"
TRG,LSTM,Target_High,1.08,1.73,98.27,"New (return target, stationary features)"
TRG,LSTM,Target_High,12.08,20.71,79.29,"Old (price target, raw features)"
TRG,Linear Regression,Target_High,1.01,1.58,98.42,"New (return target, stationary features)"
TRG,Linear Regression,Target_High,1.39,2.22,97.78,"Old (price target, raw features)"
TRG,Random Forest,Target_High,1.0,1.56,98.44,"New (return target, stationary features)"
TRG,Random Forest,Target_High,1.0,1.56,98.44,"Old (price target, raw features)"
TRG,XGBoost,Target_High,1.01,1.57,98.43,"New (return target, stationary features)"
TRG,XGBoost,Target_High,1.08,1.7,98.3,"Old (price target, raw features)"
TRG,LSTM,Target_Low,0.93,1.58,98.42,"New (return target, stationary features)"
TRG,LSTM,Target_Low,17.77,31.37,68.63,"Old (price target, raw features)"
TRG,Linear Regression,Target_Low,0.93,1.54,98.46,"New (return target, stationary features)"
TRG,Linear Regression,Target_Low,1.38,2.31,97.69,"Old (price target, raw features)"
TRG,Random Forest,Target_Low,0.93,1.54,98.46,"New (return target, stationary features)"
TRG,Random Forest,Target_Low,0.96,1.58,98.42,"Old (price target, raw features)"
TRG,XGBoost,Target_Low,0.94,1.56,98.44,"New (return target, stationary features)"
TRG,XGBoost,Target_Low,0.94,1.55,98.45,"Old (price target, raw features)"
UBL,LSTM,Target_High,3.45,1.26,98.74,"New (return target, stationary features)"
UBL,LSTM,Target_High,7.59,2.8,97.2,"Old (price target, raw features)"
UBL,Linear Regression,Target_High,2.91,1.09,98.91,"New (return target, stationary features)"
UBL,Linear Regression,Target_High,2.81,1.05,98.95,"Old (price target, raw features)"
UBL,Random Forest,Target_High,2.86,1.07,98.93,"New (return target, stationary features)"
UBL,Random Forest,Target_High,3.41,1.26,98.74,"Old (price target, raw features)"
UBL,XGBoost,Target_High,2.91,1.09,98.91,"New (return target, stationary features)"
UBL,XGBoost,Target_High,7.37,2.65,97.35,"Old (price target, raw features)"
UBL,LSTM,Target_Low,2.55,0.96,99.04,"New (return target, stationary features)"
UBL,LSTM,Target_Low,7.12,2.75,97.25,"Old (price target, raw features)"
UBL,Linear Regression,Target_Low,2.4,0.93,99.07,"New (return target, stationary features)"
UBL,Linear Regression,Target_Low,2.61,1.04,98.96,"Old (price target, raw features)"
UBL,Random Forest,Target_Low,2.3,0.9,99.1,"New (return target, stationary features)"
UBL,Random Forest,Target_Low,3.09,1.24,98.76,"Old (price target, raw features)"
UBL,XGBoost,Target_Low,2.39,0.94,99.06,"New (return target, stationary features)"
UBL,XGBoost,Target_Low,8.13,3.0,97.0,"Old (price target, raw features)"
UNITY,LSTM,Target_High,0.41,1.45,98.55,"New (return target, stationary features)"
UNITY,LSTM,Target_High,20.76,74.47,25.53,"Old (price target, raw features)"
UNITY,Linear Regression,Target_High,0.37,1.34,98.66,"New (return target, stationary features)"
UNITY,Linear Regression,Target_High,1.4,5.06,94.94,"Old (price target, raw features)"
UNITY,Random Forest,Target_High,0.38,1.36,98.64,"New (return target, stationary features)"
UNITY,Random Forest,Target_High,0.4,1.42,98.58,"Old (price target, raw features)"
UNITY,XGBoost,Target_High,0.38,1.35,98.65,"New (return target, stationary features)"
UNITY,XGBoost,Target_High,0.54,1.96,98.04,"Old (price target, raw features)"
UNITY,LSTM,Target_Low,0.3,1.13,98.87,"New (return target, stationary features)"
UNITY,LSTM,Target_Low,22.54,83.3,16.7,"Old (price target, raw features)"
UNITY,Linear Regression,Target_Low,0.31,1.2,98.8,"New (return target, stationary features)"
UNITY,Linear Regression,Target_Low,1.13,4.5,95.5,"Old (price target, raw features)"
UNITY,Random Forest,Target_Low,0.33,1.26,98.74,"New (return target, stationary features)"
UNITY,Random Forest,Target_Low,0.37,1.41,98.59,"Old (price target, raw features)"
UNITY,XGBoost,Target_Low,0.32,1.25,98.75,"New (return target, stationary features)"
UNITY,XGBoost,Target_Low,0.39,1.52,98.48,"Old (price target, raw features)"
