Ticker,Model,Horizon,MAE_Spread,N_Rows
BAHL,Linear Regression,1,1.65,246
COLG,Linear Regression,1,12.6,246
DGKC,Linear Regression,1,1.57,246
EFERT,Linear Regression,1,2.15,246
ENGROH,Linear Regression,1,2.56,246
FFC,Linear Regression,1,3.35,246
HBL,Linear Regression,1,1.76,246
HUBC,Linear Regression,1,1.95,246
ILP,Linear Regression,1,1.06,246
INDU,Linear Regression,1,21.29,246
LUCK,Linear Regression,1,11.95,246
MARI,Linear Regression,1,34.0,246
MCB,Linear Regression,1,2.96,246
MEBL,Linear Regression,1,2.84,246
MLCF,Linear Regression,1,0.67,246
NESTLE,Linear Regression,1,96.2,212
NETSOL,Linear Regression,1,2.63,246
OGDC,Linear Regression,1,2.73,246
PAKT,Linear Regression,1,25.36,221
PPL,Linear Regression,1,2.23,246
PSO,Linear Regression,1,3.29,246
SYS,Linear Regression,1,6.23,246
TRG,Linear Regression,1,1.25,246
UBL,Linear Regression,1,3.19,246
UNITY,Linear Regression,1,0.46,246
BAHL,Random Forest,1,1.63,246
COLG,Random Forest,1,12.48,246
DGKC,Random Forest,1,1.57,246
EFERT,Random Forest,1,2.1,246
ENGROH,Random Forest,1,2.63,246
FFC,Random Forest,1,3.38,246
HBL,Random Forest,1,1.76,246
HUBC,Random Forest,1,1.93,246
ILP,Random Forest,1,1.04,246
INDU,Random Forest,1,22.08,246
LUCK,Random Forest,1,11.8,246
MARI,Random Forest,1,31.17,246
MCB,Random Forest,1,2.97,246
MEBL,Random Forest,1,2.81,246
MLCF,Random Forest,1,0.67,246
NESTLE,Random Forest,1,103.94,212
NETSOL,Random Forest,1,2.6,246
OGDC,Random Forest,1,2.73,246
PAKT,Random Forest,1,26.5,221
PPL,Random Forest,1,2.25,246
PSO,Random Forest,1,3.35,246
SYS,Random Forest,1,6.15,246
TRG,Random Forest,1,1.28,246
UBL,Random Forest,1,3.17,246
UNITY,Random Forest,1,0.47,246
BAHL,XGBoost,1,1.64,246
COLG,XGBoost,1,12.83,246
DGKC,XGBoost,1,1.58,246
EFERT,XGBoost,1,2.19,246
ENGROH,XGBoost,1,2.68,246
FFC,XGBoost,1,3.47,246
HBL,XGBoost,1,1.75,246
HUBC,XGBoost,1,2.01,246
ILP,XGBoost,1,1.06,246
INDU,XGBoost,1,21.5,246
LUCK,XGBoost,1,11.9,246
MARI,XGBoost,1,34.81,246
MCB,XGBoost,1,3.01,246
MEBL,XGBoost,1,2.83,246
MLCF,XGBoost,1,0.66,246
NESTLE,XGBoost,1,105.48,212
NETSOL,XGBoost,1,2.65,246
OGDC,XGBoost,1,2.83,246
PAKT,XGBoost,1,26.22,221
PPL,XGBoost,1,2.34,246
PSO,XGBoost,1,3.31,246
SYS,XGBoost,1,6.18,246
TRG,XGBoost,1,1.28,246
UBL,XGBoost,1,3.24,246
UNITY,XGBoost,1,0.49,246
BAHL,LSTM,1,1.73,216
COLG,LSTM,1,12.58,216
DGKC,LSTM,1,1.63,216
EFERT,LSTM,1,2.16,216
ENGROH,LSTM,1,2.81,216
FFC,LSTM,1,3.68,216
HBL,LSTM,1,1.9,216
HUBC,LSTM,1,2.05,216
ILP,LSTM,1,1.1,216
INDU,LSTM,1,22.23,216
LUCK,LSTM,1,12.57,216
MARI,LSTM,1,26.31,216
MCB,LSTM,1,3.22,216
MEBL,LSTM,1,3.06,216
MLCF,LSTM,1,0.73,216
NESTLE,LSTM,1,90.28,182
NETSOL,LSTM,1,2.76,216
OGDC,LSTM,1,2.69,216
PAKT,LSTM,1,26.66,191
PPL,LSTM,1,2.23,216
PSO,LSTM,1,3.47,216
SYS,LSTM,1,6.88,216
TRG,LSTM,1,1.28,216
UBL,LSTM,1,3.42,216
UNITY,LSTM,1,0.48,216
BAHL,GRU,1,1.72,216
COLG,GRU,1,12.96,216
DGKC,GRU,1,1.59,216
EFERT,GRU,1,2.17,216
ENGROH,GRU,1,2.71,216
FFC,GRU,1,3.84,216
HBL,GRU,1,1.95,216
HUBC,GRU,1,2.05,216
ILP,GRU,1,1.05,216
INDU,GRU,1,22.01,216
LUCK,GRU,1,13.35,216
MARI,GRU,1,31.33,216
MCB,GRU,1,3.36,216
MEBL,GRU,1,3.12,216
MLCF,GRU,1,0.72,216
NESTLE,GRU,1,103.76,182
NETSOL,GRU,1,2.8,216
OGDC,GRU,1,2.82,216
PAKT,GRU,1,27.93,191
PPL,GRU,1,2.21,216
PSO,GRU,1,3.58,216
SYS,GRU,1,6.91,216
TRG,GRU,1,1.29,216
UBL,GRU,1,3.55,216
UNITY,GRU,1,0.47,216
BAHL,Linear Regression,5,1.64,246
COLG,Linear Regression,5,12.7,246
DGKC,Linear Regression,5,1.61,246
EFERT,Linear Regression,5,2.32,246
ENGROH,Linear Regression,5,2.69,246
FFC,Linear Regression,5,3.39,246
HBL,Linear Regression,5,1.82,246
HUBC,Linear Regression,5,1.95,246
ILP,Linear Regression,5,1.05,246
INDU,Linear Regression,5,21.62,246
LUCK,Linear Regression,5,12.14,246
MARI,Linear Regression,5,38.11,246
MCB,Linear Regression,5,2.96,246
MEBL,Linear Regression,5,2.91,246
MLCF,Linear Regression,5,0.71,246
NESTLE,Linear Regression,5,102.02,212
NETSOL,Linear Regression,5,2.7,246
OGDC,Linear Regression,5,2.78,246
PAKT,Linear Regression,5,25.3,221
PPL,Linear Regression,5,2.27,246
PSO,Linear Regression,5,3.47,246
SYS,Linear Regression,5,6.35,246
TRG,Linear Regression,5,1.3,246
UBL,Linear Regression,5,3.21,246
UNITY,Linear Regression,5,0.46,246
BAHL,Random Forest,5,1.69,246
COLG,Random Forest,5,13.12,246
DGKC,Random Forest,5,1.61,246
EFERT,Random Forest,5,2.44,246
ENGROH,Random Forest,5,2.75,246
FFC,Random Forest,5,3.48,246
HBL,Random Forest,5,1.85,246
HUBC,Random Forest,5,2.02,246
ILP,Random Forest,5,1.11,246
INDU,Random Forest,5,23.11,246
LUCK,Random Forest,5,12.25,246
MARI,Random Forest,5,32.94,246
MCB,Random Forest,5,3.07,246
MEBL,Random Forest,5,3.16,246
MLCF,Random Forest,5,0.73,246
NESTLE,Random Forest,5,158.66,212
NETSOL,Random Forest,5,2.69,246
OGDC,Random Forest,5,3.12,246
PAKT,Random Forest,5,25.62,221
PPL,Random Forest,5,2.43,246
PSO,Random Forest,5,3.56,246
SYS,Random Forest,5,6.37,246
TRG,Random Forest,5,1.37,246
UBL,Random Forest,5,3.18,246
UNITY,Random Forest,5,0.52,246
BAHL,XGBoost,5,1.71,246
COLG,XGBoost,5,14.13,246
DGKC,XGBoost,5,1.67,246
EFERT,XGBoost,5,2.55,246
ENGROH,XGBoost,5,2.95,246
FFC,XGBoost,5,3.85,246
HBL,XGBoost,5,1.93,246
HUBC,XGBoost,5,2.07,246
ILP,XGBoost,5,1.15,246
INDU,XGBoost,5,24.54,246
LUCK,XGBoost,5,12.84,246
MARI,XGBoost,5,37.92,246
MCB,XGBoost,5,3.16,246
MEBL,XGBoost,5,3.2,246
MLCF,XGBoost,5,0.76,246
NESTLE,XGBoost,5,158.95,212
NETSOL,XGBoost,5,2.79,246
OGDC,XGBoost,5,3.02,246
PAKT,XGBoost,5,28.93,221
PPL,XGBoost,5,2.34,246
PSO,XGBoost,5,3.83,246
SYS,XGBoost,5,6.96,246
TRG,XGBoost,5,1.34,246
UBL,XGBoost,5,3.42,246
UNITY,XGBoost,5,0.62,246
BAHL,LSTM,5,1.88,216
COLG,LSTM,5,12.96,216
DGKC,LSTM,5,1.7,216
EFERT,LSTM,5,2.43,216
ENGROH,LSTM,5,3.1,216
FFC,LSTM,5,3.89,216
HBL,LSTM,5,2.08,216
HUBC,LSTM,5,2.25,216
ILP,LSTM,5,1.07,216
INDU,LSTM,5,22.69,216
LUCK,LSTM,5,13.16,216
MARI,LSTM,5,31.07,216
MCB,LSTM,5,3.34,216
MEBL,LSTM,5,3.29,216
MLCF,LSTM,5,0.78,216
NESTLE,LSTM,5,93.85,182
NETSOL,LSTM,5,2.71,216
OGDC,LSTM,5,2.62,216
PAKT,LSTM,5,30.02,191
PPL,LSTM,5,2.28,216
PSO,LSTM,5,3.68,216
SYS,LSTM,5,7.12,216
TRG,LSTM,5,1.26,216
UBL,LSTM,5,3.91,216
UNITY,LSTM,5,0.47,216
BAHL,GRU,5,2.52,216
COLG,GRU,5,18.37,216
DGKC,GRU,5,2.03,216
EFERT,GRU,5,3.37,216
ENGROH,GRU,5,3.81,216
FFC,GRU,5,4.57,216
HBL,GRU,5,2.93,216
HUBC,GRU,5,3.06,216
ILP,GRU,5,1.61,216
INDU,GRU,5,28.77,216
LUCK,GRU,5,14.44,216
MARI,GRU,5,55.6,216
MCB,GRU,5,4.49,216
MEBL,GRU,5,4.16,216
MLCF,GRU,5,0.94,216
NESTLE,GRU,5,246.73,182
NETSOL,GRU,5,3.59,216
OGDC,GRU,5,3.49,216
PAKT,GRU,5,30.37,191
PPL,GRU,5,2.95,216
PSO,GRU,5,4.66,216
SYS,GRU,5,8.37,216
TRG,GRU,5,1.56,216
UBL,GRU,5,4.35,216
UNITY,GRU,5,0.59,216
BAHL,Linear Regression,10,1.68,246
COLG,Linear Regression,10,12.82,246
DGKC,Linear Regression,10,1.64,246
EFERT,Linear Regression,10,2.32,246
ENGROH,Linear Regression,10,2.83,246
FFC,Linear Regression,10,3.45,246
HBL,Linear Regression,10,1.85,246
HUBC,Linear Regression,10,1.96,246
ILP,Linear Regression,10,1.04,246
INDU,Linear Regression,10,21.25,246
LUCK,Linear Regression,10,12.45,246
MARI,Linear Regression,10,30.09,246
MCB,Linear Regression,10,3.0,246
MEBL,Linear Regression,10,2.96,246
MLCF,Linear Regression,10,0.71,246
NESTLE,Linear Regression,10,115.65,212
NETSOL,Linear Regression,10,2.72,246
OGDC,Linear Regression,10,2.87,246
PAKT,Linear Regression,10,25.78,221
PPL,Linear Regression,10,2.34,246
PSO,Linear Regression,10,3.56,246
SYS,Linear Regression,10,6.64,246
TRG,Linear Regression,10,1.3,246
UBL,Linear Regression,10,3.29,246
UNITY,Linear Regression,10,0.47,246
BAHL,Random Forest,10,1.89,246
COLG,Random Forest,10,14.03,246
DGKC,Random Forest,10,1.66,246
EFERT,Random Forest,10,2.44,246
ENGROH,Random Forest,10,3.18,246
FFC,Random Forest,10,3.61,246
HBL,Random Forest,10,1.99,246
HUBC,Random Forest,10,2.24,246
ILP,Random Forest,10,1.15,246
INDU,Random Forest,10,24.2,246
LUCK,Random Forest,10,12.92,246
MARI,Random Forest,10,33.74,246
MCB,Random Forest,10,3.13,246
MEBL,Random Forest,10,3.04,246
MLCF,Random Forest,10,0.78,246
NESTLE,Random Forest,10,163.82,212
NETSOL,Random Forest,10,2.79,246
OGDC,Random Forest,10,3.07,246
PAKT,Random Forest,10,27.29,221
PPL,Random Forest,10,2.58,246
PSO,Random Forest,10,3.91,246
SYS,Random Forest,10,6.87,246
TRG,Random Forest,10,1.38,246
UBL,Random Forest,10,3.69,246
UNITY,Random Forest,10,0.61,246
BAHL,XGBoost,10,2.01,246
COLG,XGBoost,10,17.11,246
DGKC,XGBoost,10,1.82,246
EFERT,XGBoost,10,2.47,246
ENGROH,XGBoost,10,3.17,246
FFC,XGBoost,10,3.93,246
HBL,XGBoost,10,2.17,246
HUBC,XGBoost,10,2.56,246
ILP,XGBoost,10,1.31,246
INDU,XGBoost,10,28.68,246
LUCK,XGBoost,10,14.21,246
MARI,XGBoost,10,42.16,246
MCB,XGBoost,10,3.39,246
MEBL,XGBoost,10,3.57,246
MLCF,XGBoost,10,0.81,246
NESTLE,XGBoost,10,153.05,212
NETSOL,XGBoost,10,3.11,246
OGDC,XGBoost,10,3.53,246
PAKT,XGBoost,10,29.95,221
PPL,XGBoost,10,2.7,246
PSO,XGBoost,10,4.31,246
SYS,XGBoost,10,7.55,246
TRG,XGBoost,10,1.6,246
UBL,XGBoost,10,3.76,246
UNITY,XGBoost,10,0.58,246
BAHL,LSTM,10,1.97,216
COLG,LSTM,10,17.57,216
DGKC,LSTM,10,1.78,216
EFERT,LSTM,10,2.97,216
ENGROH,LSTM,10,3.34,216
FFC,LSTM,10,4.39,216
HBL,LSTM,10,2.57,216
HUBC,LSTM,10,2.38,216
ILP,LSTM,10,1.55,216
INDU,LSTM,10,30.91,216
LUCK,LSTM,10,16.71,216
MARI,LSTM,10,42.14,216
MCB,LSTM,10,4.76,216
MEBL,LSTM,10,4.69,216
MLCF,LSTM,10,0.94,216
NESTLE,LSTM,10,230.62,182
NETSOL,LSTM,10,4.02,216
OGDC,LSTM,10,3.11,216
PAKT,LSTM,10,32.15,191
PPL,LSTM,10,2.73,216
PSO,LSTM,10,4.83,216
SYS,LSTM,10,10.99,216
TRG,LSTM,10,1.53,216
UBL,LSTM,10,6.5,216
UNITY,LSTM,10,0.83,216
BAHL,GRU,10,3.01,216
COLG,GRU,10,31.89,216
DGKC,GRU,10,2.46,216
EFERT,GRU,10,3.98,216
ENGROH,GRU,10,4.34,216
FFC,GRU,10,6.11,216
HBL,GRU,10,2.81,216
HUBC,GRU,10,3.52,216
ILP,GRU,10,1.67,216
INDU,GRU,10,59.52,216
LUCK,GRU,10,19.99,216
MARI,GRU,10,99.6,216
MCB,GRU,10,4.85,216
MEBL,GRU,10,4.76,216
MLCF,GRU,10,0.99,216
NESTLE,GRU,10,219.8,182
NETSOL,GRU,10,4.01,216
OGDC,GRU,10,3.8,216
PAKT,GRU,10,42.74,191
PPL,GRU,10,3.34,216
PSO,GRU,10,5.61,216
SYS,GRU,10,9.28,216
TRG,GRU,10,1.79,216
UBL,GRU,10,6.03,216
UNITY,GRU,10,0.73,216
BAHL,Linear Regression,20,1.7,246
COLG,Linear Regression,20,13.23,246
DGKC,Linear Regression,20,1.67,246
EFERT,Linear Regression,20,2.31,246
ENGROH,Linear Regression,20,2.98,246
FFC,Linear Regression,20,3.6,246
HBL,Linear Regression,20,1.87,246
HUBC,Linear Regression,20,1.99,246
ILP,Linear Regression,20,1.03,246
INDU,Linear Regression,20,22.48,246
LUCK,Linear Regression,20,12.71,246
MARI,Linear Regression,20,31.1,246
MCB,Linear Regression,20,3.04,246
MEBL,Linear Regression,20,2.98,246
MLCF,Linear Regression,20,0.75,246
NESTLE,Linear Regression,20,115.84,212
NETSOL,Linear Regression,20,2.82,246
OGDC,Linear Regression,20,2.8,246
PAKT,Linear Regression,20,26.07,221
PPL,Linear Regression,20,2.31,246
PSO,Linear Regression,20,3.8,246
SYS,Linear Regression,20,6.99,246
TRG,Linear Regression,20,1.28,246
UBL,Linear Regression,20,3.42,246
UNITY,Linear Regression,20,0.47,246
BAHL,Random Forest,20,2.25,246
COLG,Random Forest,20,16.79,246
DGKC,Random Forest,20,1.76,246
EFERT,Random Forest,20,2.85,246
ENGROH,Random Forest,20,3.33,246
FFC,Random Forest,20,4.48,246
HBL,Random Forest,20,2.14,246
HUBC,Random Forest,20,2.55,246
ILP,Random Forest,20,1.2,246
INDU,Random Forest,20,24.68,246
LUCK,Random Forest,20,13.83,246
MARI,Random Forest,20,37.75,246
MCB,Random Forest,20,3.65,246
MEBL,Random Forest,20,3.54,246
MLCF,Random Forest,20,0.88,246
NESTLE,Random Forest,20,159.45,212
NETSOL,Random Forest,20,3.06,246
OGDC,Random Forest,20,3.16,246
PAKT,Random Forest,20,37.22,221
PPL,Random Forest,20,2.79,246
PSO,Random Forest,20,4.41,246
SYS,Random Forest,20,7.48,246
TRG,Random Forest,20,1.5,246
UBL,Random Forest,20,4.4,246
UNITY,Random Forest,20,0.7,246
BAHL,XGBoost,20,1.97,246
COLG,XGBoost,20,18.97,246
DGKC,XGBoost,20,1.84,246
EFERT,XGBoost,20,2.97,246
ENGROH,XGBoost,20,3.45,246
FFC,XGBoost,20,4.69,246
HBL,XGBoost,20,2.34,246
HUBC,XGBoost,20,2.65,246
ILP,XGBoost,20,1.3,246
INDU,XGBoost,20,33.59,246
LUCK,XGBoost,20,16.31,246
MARI,XGBoost,20,40.61,246
MCB,XGBoost,20,3.84,246
MEBL,XGBoost,20,3.67,246
MLCF,XGBoost,20,0.84,246
NESTLE,XGBoost,20,206.07,212
NETSOL,XGBoost,20,3.31,246
OGDC,XGBoost,20,3.56,246
PAKT,XGBoost,20,35.94,221
PPL,XGBoost,20,3.13,246
PSO,XGBoost,20,4.08,246
SYS,XGBoost,20,8.09,246
TRG,XGBoost,20,1.66,246
UBL,XGBoost,20,4.59,246
UNITY,XGBoost,20,0.7,246
BAHL,LSTM,20,2.64,216
COLG,LSTM,20,16.63,216
DGKC,LSTM,20,2.58,216
EFERT,LSTM,20,3.79,216
ENGROH,LSTM,20,3.93,216
FFC,LSTM,20,4.95,216
HBL,LSTM,20,2.56,216
HUBC,LSTM,20,3.78,216
ILP,LSTM,20,1.78,216
INDU,LSTM,20,26.04,216
LUCK,LSTM,20,15.99,216
MARI,LSTM,20,34.18,216
MCB,LSTM,20,4.79,216
MEBL,LSTM,20,5.96,216
MLCF,LSTM,20,1.08,216
NESTLE,LSTM,20,214.3,182
NETSOL,LSTM,20,4.21,216
OGDC,LSTM,20,3.05,216
PAKT,LSTM,20,34.28,191
PPL,LSTM,20,3.09,216
PSO,LSTM,20,5.24,216
SYS,LSTM,20,8.28,216
TRG,LSTM,20,2.0,216
UBL,LSTM,20,5.98,216
UNITY,LSTM,20,0.84,216
BAHL,GRU,20,1.79,216
COLG,GRU,20,12.22,216
DGKC,GRU,20,1.68,216
EFERT,GRU,20,2.45,216
ENGROH,GRU,20,3.04,216
FFC,GRU,20,4.02,216
HBL,GRU,20,2.05,216
HUBC,GRU,20,2.11,216
ILP,GRU,20,1.01,216
INDU,GRU,20,24.46,216
LUCK,GRU,20,13.7,216
MARI,GRU,20,27.61,216
MCB,GRU,20,3.26,216
MEBL,GRU,20,3.24,216
MLCF,GRU,20,0.79,216
NESTLE,GRU,20,165.07,182
NETSOL,GRU,20,2.83,216
OGDC,GRU,20,2.69,216
PAKT,GRU,20,26.37,191
PPL,GRU,20,2.24,216
PSO,GRU,20,3.99,216
SYS,GRU,20,7.47,216
TRG,GRU,20,1.27,216
UBL,GRU,20,3.7,216
UNITY,GRU,20,0.46,216
BAHL,Linear Regression,60,1.77,246
COLG,Linear Regression,60,12.72,246
DGKC,Linear Regression,60,1.75,246
EFERT,Linear Regression,60,2.35,246
ENGROH,Linear Regression,60,3.02,246
FFC,Linear Regression,60,3.97,246
HBL,Linear Regression,60,1.97,246
HUBC,Linear Regression,60,2.04,246
ILP,Linear Regression,60,0.99,246
INDU,Linear Regression,60,24.95,246
LUCK,Linear Regression,60,14.27,246
MARI,Linear Regression,60,26.3,246
MCB,Linear Regression,60,3.19,246
MEBL,Linear Regression,60,2.91,246
MLCF,Linear Regression,60,0.81,246
NESTLE,Linear Regression,60,126.27,212
NETSOL,Linear Regression,60,2.63,246
OGDC,Linear Regression,60,2.75,246
PAKT,Linear Regression,60,24.64,221
PPL,Linear Regression,60,2.42,246
PSO,Linear Regression,60,4.69,246
SYS,Linear Regression,60,7.49,246
TRG,Linear Regression,60,1.22,246
UBL,Linear Regression,60,3.82,246
UNITY,Linear Regression,60,0.43,246
BAHL,Random Forest,60,2.07,246
COLG,Random Forest,60,23.34,246
DGKC,Random Forest,60,2.12,246
EFERT,Random Forest,60,3.45,246
ENGROH,Random Forest,60,4.41,246
FFC,Random Forest,60,5.19,246
HBL,Random Forest,60,2.23,246
HUBC,Random Forest,60,2.6,246
ILP,Random Forest,60,1.31,246
INDU,Random Forest,60,42.11,246
LUCK,Random Forest,60,22.4,246
MARI,Random Forest,60,45.33,246
MCB,Random Forest,60,3.99,246
MEBL,Random Forest,60,3.61,246
MLCF,Random Forest,60,1.0,246
NESTLE,Random Forest,60,151.24,212
NETSOL,Random Forest,60,2.95,246
OGDC,Random Forest,60,3.84,246
PAKT,Random Forest,60,46.1,221
PPL,Random Forest,60,2.84,246
PSO,Random Forest,60,5.48,246
SYS,Random Forest,60,8.85,246
TRG,Random Forest,60,1.68,246
UBL,Random Forest,60,4.61,246
UNITY,Random Forest,60,0.57,246
BAHL,XGBoost,60,2.47,246
COLG,XGBoost,60,34.81,246
DGKC,XGBoost,60,2.45,246
EFERT,XGBoost,60,4.53,246
ENGROH,XGBoost,60,5.42,246
FFC,XGBoost,60,6.01,246
HBL,XGBoost,60,3.36,246
HUBC,XGBoost,60,3.76,246
ILP,XGBoost,60,1.71,246
INDU,XGBoost,60,53.16,246
LUCK,XGBoost,60,21.05,246
MARI,XGBoost,60,77.84,246
MCB,XGBoost,60,5.0,246
MEBL,XGBoost,60,6.26,246
MLCF,XGBoost,60,1.34,246
NESTLE,XGBoost,60,132.93,212
NETSOL,XGBoost,60,4.33,246
OGDC,XGBoost,60,4.31,246
PAKT,XGBoost,60,37.4,221
PPL,XGBoost,60,4.18,246
PSO,XGBoost,60,6.03,246
SYS,XGBoost,60,11.64,246
TRG,XGBoost,60,2.85,246
UBL,XGBoost,60,6.74,246
UNITY,XGBoost,60,0.85,246
BAHL,LSTM,60,5.24,216
COLG,LSTM,60,57.84,216
DGKC,LSTM,60,4.4,216
EFERT,LSTM,60,8.59,216
ENGROH,LSTM,60,16.35,216
FFC,LSTM,60,13.54,216
HBL,LSTM,60,6.48,216
HUBC,LSTM,60,18.67,216
ILP,LSTM,60,5.62,216
INDU,LSTM,60,84.55,216
LUCK,LSTM,60,47.13,216
MARI,LSTM,60,78.62,216
MCB,LSTM,60,15.35,216
MEBL,LSTM,60,18.96,216
MLCF,LSTM,60,1.76,216
NESTLE,LSTM,60,556.41,182
NETSOL,LSTM,60,19.32,216
OGDC,LSTM,60,10.2,216
PAKT,LSTM,60,112.74,191
PPL,LSTM,60,7.33,216
PSO,LSTM,60,10.8,216
SYS,LSTM,60,38.83,216
TRG,LSTM,60,5.96,216
UBL,LSTM,60,27.59,216
UNITY,LSTM,60,2.98,216
BAHL,GRU,60,1.96,216
COLG,GRU,60,14.3,216
DGKC,GRU,60,1.79,216
EFERT,GRU,60,2.39,216
ENGROH,GRU,60,3.34,216
FFC,GRU,60,4.38,216
HBL,GRU,60,2.1,216
HUBC,GRU,60,2.16,216
ILP,GRU,60,1.03,216
INDU,GRU,60,25.5,216
LUCK,GRU,60,15.06,216
MARI,GRU,60,34.01,216
MCB,GRU,60,3.38,216
MEBL,GRU,60,3.08,216
MLCF,GRU,60,0.84,216
NESTLE,GRU,60,161.47,182
NETSOL,GRU,60,2.82,216
OGDC,GRU,60,3.02,216
PAKT,GRU,60,26.6,191
PPL,GRU,60,2.68,216
PSO,GRU,60,5.17,216
SYS,GRU,60,8.43,216
TRG,GRU,60,1.34,216
UBL,GRU,60,4.23,216
UNITY,GRU,60,0.52,216
