Ticker,Data_Date,Yesterday_Open,Yesterday_Close,Pred_Open_1d,Model_Open_1d,Improvement_Open_1d,Directional_Accuracy_Open_1d,Std_Error_Open_1d,Pred_Close_1d,Model_Close_1d,Improvement_Close_1d,Directional_Accuracy_Close_1d,Std_Error_Close_1d,Pred_Open_5d,Model_Open_5d,Improvement_Open_5d,Directional_Accuracy_Open_5d,Std_Error_Open_5d,Pred_Close_5d,Model_Close_5d,Improvement_Close_5d,Directional_Accuracy_Close_5d,Std_Error_Close_5d,Pred_Open_10d,Model_Open_10d,Improvement_Open_10d,Directional_Accuracy_Open_10d,Std_Error_Open_10d,Pred_Close_10d,Model_Close_10d,Improvement_Close_10d,Directional_Accuracy_Close_10d,Std_Error_Close_10d,Pred_Open_20d,Model_Open_20d,Improvement_Open_20d,Directional_Accuracy_Open_20d,Std_Error_Open_20d,Pred_Close_20d,Model_Close_20d,Improvement_Close_20d,Directional_Accuracy_Close_20d,Std_Error_Close_20d,Pred_Open_60d,Model_Open_60d,Improvement_Open_60d,Directional_Accuracy_Open_60d,Std_Error_Open_60d,Pred_Close_60d,Model_Close_60d,Improvement_Close_60d,Directional_Accuracy_Close_60d,Std_Error_Close_60d
ABL,2026-08-19,177.98,177.53,177.99,LSTM,0.52,58.77,1.6662,177.49,XGBoost,2.23,53.53,2.1396,177.52,Random Forest,1.39,65.56,5.1389,177.34,Random Forest,0.44,57.68,5.6739,177.83,LSTM,-1.01,61.14,8.9343,177.54,LSTM,-2.0,52.61,9.3847,173.42,Random Forest,4.22,58.51,8.8659,173.07,Random Forest,6.82,62.24,8.6064,183.24,LSTM,13.29,58.77,12.9413,171.29,XGBoost,11.77,63.07,13.0995
ABOT,2026-08-19,900.0,900.0,902.53,LSTM,2.43,60.28,13.9982,901.51,LSTM,-0.5,50.0,21.5014,894.49,Linear Regression,1.48,56.56,39.3212,894.85,Linear Regression,2.05,58.2,41.1561,896.09,Random Forest,7.51,64.75,47.7965,894.93,Random Forest,5.2,65.98,52.4627,906.52,LSTM,11.41,64.49,73.4161,889.28,Linear Regression,8.68,66.8,71.466,892.42,GRU,16.12,55.14,151.8939,892.45,GRU,15.18,55.61,159.4527
AGP,2026-08-19,180.0,181.27,181.8,Random Forest,8.27,58.94,1.3611,182.78,GRU,1.15,56.48,3.0961,184.21,GRU,6.85,64.35,5.7556,183.1,GRU,6.85,64.35,5.7486,181.57,LSTM,7.32,75.0,7.292,181.29,Random Forest,7.69,60.16,7.4794,185.86,LSTM,19.61,75.46,10.3947,183.47,LSTM,14.0,70.83,9.207,178.74,GRU,15.76,70.83,17.1169,181.09,GRU,19.64,77.31,16.5607
AHCL,2026-08-19,16.69,16.43,16.46,Random Forest,0.21,55.92,1.1511,16.46,LSTM,-0.27,52.09,1.5134,17.11,GRU,-1.2,55.35,2.7889,16.51,Linear Regression,-1.68,46.53,3.0457,16.6,LSTM,1.85,64.19,4.1871,16.81,GRU,2.71,61.86,4.1443,17.67,GRU,0.03,58.14,4.6171,17.71,GRU,0.15,54.88,4.6871,19.5,XGBoost,13.82,63.67,10.9071,16.76,LSTM,22.93,73.95,12.1292
AICL,2026-08-19,87.39,83.81,83.99,XGBoost,5.59,56.33,0.5087,83.83,XGBoost,1.67,51.84,0.8131,84.23,Linear Regression,-1.43,51.02,2.1097,84.24,Linear Regression,-2.02,51.02,2.2364,86.52,LSTM,-0.41,53.02,3.0423,82.7,XGBoost,-0.88,63.67,2.7675,89.57,GRU,-1.52,60.0,3.6483,89.57,GRU,-1.58,60.47,3.7029,83.41,LSTM,5.56,62.79,6.5466,90.54,Linear Regression,0.93,65.71,6.7149
AIRLINK,2026-08-19,132.71,133.93,134.43,XGBoost,19.65,72.36,1.0326,134.0,Linear Regression,1.12,52.03,4.0561,135.52,LSTM,4.11,57.87,8.837,133.72,LSTM,2.18,61.57,9.9259,136.19,GRU,2.88,58.33,14.3141,133.24,Linear Regression,2.56,56.91,14.0777,136.75,GRU,3.23,73.61,22.4252,130.35,XGBoost,11.17,61.79,18.4689,130.17,XGBoost,27.7,89.02,24.2248,129.88,XGBoost,28.87,93.9,21.9775
AKBL,2026-08-19,104.08,105.1,105.52,LSTM,10.74,67.13,0.3479,105.18,XGBoost,1.55,52.03,0.7775,105.44,XGBoost,2.81,60.57,1.733,105.11,XGBoost,3.21,63.41,1.959,104.95,Random Forest,6.89,64.63,2.5029,104.73,Random Forest,4.59,62.2,2.6306,103.65,XGBoost,6.31,67.07,3.3796,101.78,Random Forest,5.04,68.7,3.1548,107.84,LSTM,24.35,75.0,5.4493,107.07,LSTM,29.25,71.76,4.911
APL,2026-08-19,558.05,557.06,558.12,LSTM,5.65,65.74,4.6739,556.79,XGBoost,1.25,51.22,8.2429,557.33,Random Forest,-0.26,51.63,16.4861,555.57,XGBoost,1.3,58.54,18.7381,559.83,LSTM,2.98,67.13,23.5631,555.97,XGBoost,0.51,53.25,25.7676,559.21,LSTM,1.53,69.91,34.0894,545.13,XGBoost,0.5,67.48,30.0389,560.45,LSTM,12.98,68.06,45.0035,552.97,Random Forest,3.79,68.7,43.4338
ATLH,2026-08-19,1612.68,1601.29,1604.61,LSTM,9.75,73.08,7.6606,1601.3,Random Forest,-0.19,48.74,13.0328,1581.17,GRU,1.31,56.73,31.2664,1578.63,GRU,1.35,56.73,34.7579,1603.97,LSTM,0.8,60.1,49.2731,1601.48,LSTM,-0.2,59.62,50.9723,1593.28,GRU,-3.51,45.19,72.242,1584.01,GRU,0.54,50.0,71.2338,1571.13,Random Forest,10.19,68.07,83.9062,1569.82,GRU,9.71,70.67,105.6683
ATRL,2026-08-19,1116.0,1064.03,1063.22,Random Forest,8.16,68.7,4.733,1067.75,GRU,1.97,58.33,12.3203,1065.52,Linear Regression,0.68,53.66,28.2191,1065.19,Linear Regression,0.48,56.1,31.9022,1068.05,LSTM,0.53,54.17,50.8845,1069.14,Linear Regression,0.84,55.69,50.52,1073.39,Linear Regression,1.83,54.88,68.6011,1038.44,XGBoost,1.16,51.22,64.9973,1110.13,Linear Regression,3.49,66.26,119.7757,1113.13,Linear Regression,3.62,64.63,120.1097
BAFL,2026-08-19,57.4,56.75,56.85,Random Forest,4.26,61.38,0.6002,56.72,XGBoost,1.92,54.88,1.4988,56.79,Linear Regression,-0.75,50.81,3.1167,57.15,GRU,-0.44,59.26,3.8372,58.24,LSTM,-1.08,54.63,5.0916,57.53,GRU,-2.5,50.46,5.3033,64.76,LSTM,5.11,64.81,6.0665,59.23,GRU,0.06,57.87,6.1139,71.76,LSTM,20.63,74.07,8.9965,73.28,GRU,16.93,64.35,8.6578
BAHL,2026-08-19,173.05,173.63,173.89,XGBoost,3.17,57.32,1.1864,173.92,LSTM,-0.34,52.31,2.3671,173.45,XGBoost,2.27,58.94,4.6895,172.66,XGBoost,-1.52,56.1,5.4532,173.92,LSTM,-0.86,58.33,8.0734,173.61,LSTM,-2.77,41.67,8.638,175.37,LSTM,5.23,65.28,10.3344,173.51,LSTM,4.47,54.63,10.3419,177.66,LSTM,15.84,66.2,17.1064,164.31,XGBoost,11.43,65.85,16.3226
BNWM,2026-08-19,67.8,69.91,70.04,Linear Regression,1.93,52.25,0.6529,70.41,GRU,-0.5,54.17,1.0851,70.9,Linear Regression,-2.13,43.24,2.404,69.84,XGBoost,-0.01,45.5,2.3615,70.03,LSTM,-1.56,55.73,3.1493,70.92,Linear Regression,-4.46,39.64,3.0303,69.14,XGBoost,-3.02,54.05,3.4433,69.72,XGBoost,0.43,57.66,3.2923,68.54,XGBoost,44.39,86.49,2.5535,70.23,XGBoost,48.32,86.04,2.5107
BOP,2026-08-19,33.7,33.57,33.72,LSTM,9.1,68.06,0.0857,33.46,XGBoost,4.97,48.78,0.1905,33.43,XGBoost,3.91,55.69,0.4376,33.41,Random Forest,3.08,55.69,0.4533,33.15,GRU,5.28,60.19,0.7112,33.48,Random Forest,7.61,64.63,0.6468,31.14,XGBoost,7.41,60.16,0.8882,33.51,Linear Regression,7.58,69.11,0.9717,33.27,Linear Regression,7.27,76.02,2.1119,33.06,Linear Regression,6.39,75.61,2.1298
BWCL,2026-08-19,502.99,500.62,500.27,Linear Regression,0.85,51.02,4.4439,503.55,GRU,3.47,53.95,5.5287,499.57,XGBoost,5.15,56.73,12.7749,499.93,Random Forest,8.02,56.73,13.186,495.7,XGBoost,8.52,58.37,18.2855,496.66,XGBoost,11.51,63.27,18.0778,481.8,XGBoost,8.72,56.33,21.2221,485.14,XGBoost,8.81,58.37,20.5757,494.4,Random Forest,9.18,67.76,35.0702,501.55,Random Forest,4.8,37.55,32.2734
CHCC,2026-08-19,315.0,308.38,309.61,XGBoost,6.38,59.76,2.4563,309.71,GRU,3.11,60.65,5.7771,308.42,Random Forest,-1.64,51.63,11.9516,307.24,XGBoost,-1.5,52.44,12.5835,306.61,XGBoost,-2.46,50.81,19.1534,306.21,XGBoost,-2.25,52.44,19.3048,319.8,LSTM,-0.24,69.91,28.9744,315.73,GRU,-2.38,56.94,28.3373,316.92,LSTM,5.46,85.65,47.5839,307.63,GRU,3.44,63.89,43.6761
CNERGY,2026-08-19,14.65,14.01,13.99,Random Forest,17.26,69.51,0.052,13.94,Linear Regression,0.46,52.44,0.1816,14.03,Random Forest,2.49,56.91,0.3855,13.99,Linear Regression,0.77,54.88,0.4308,13.91,GRU,1.93,55.09,0.6041,13.88,Linear Regression,2.63,53.25,0.5892,14.33,Linear Regression,4.77,63.41,0.7589,13.89,Linear Regression,4.83,65.04,0.7675,12.2,Linear Regression,5.98,69.11,1.4015,12.56,LSTM,9.14,50.46,1.5014
COLG,2026-08-19,1230.01,1218.81,1221.34,LSTM,0.3,64.35,10.4167,1218.8,Random Forest,0.26,54.88,18.7572,1217.45,LSTM,0.47,56.94,36.0045,1210.57,Linear Regression,2.18,69.51,38.3805,1213.55,Random Forest,12.95,70.73,50.8796,1211.86,Random Forest,12.05,68.7,55.2866,1199.33,Linear Regression,14.52,79.27,77.6534,1203.36,Linear Regression,13.7,78.86,81.1887,1214.39,GRU,23.77,73.61,125.3493,1210.91,GRU,28.82,75.93,118.084
CPHL,2026-08-19,72.87,72.04,72.17,Random Forest,19.2,72.76,0.3654,72.0,XGBoost,0.48,54.88,1.1667,72.37,LSTM,0.53,54.63,2.8216,71.93,LSTM,1.49,56.02,2.9867,72.16,LSTM,1.8,67.59,4.4242,73.54,GRU,2.94,58.33,4.5253,73.27,LSTM,23.1,73.61,5.8317,74.57,GRU,15.24,65.74,6.2618,70.74,XGBoost,9.28,72.36,15.498,70.35,XGBoost,9.81,69.92,15.2938
DGKC,2026-08-19,210.0,213.69,214.35,XGBoost,21.44,75.2,0.5783,213.88,Linear Regression,0.12,50.41,2.136,214.27,Linear Regression,0.59,50.81,4.3864,214.5,Linear Regression,0.83,52.03,4.842,214.72,Linear Regression,0.31,57.72,6.4765,215.12,Linear Regression,0.28,55.28,6.628,222.69,LSTM,5.13,63.89,8.1332,217.88,LSTM,4.58,59.26,8.0388,219.82,Linear Regression,10.56,65.45,14.2191,207.53,LSTM,16.48,69.91,15.2685
EFERT,2026-08-19,185.8,185.38,185.68,Random Forest,1.04,62.6,1.1677,185.69,LSTM,-0.1,53.7,3.1291,185.89,GRU,0.55,62.96,6.7543,185.09,LSTM,0.41,60.19,7.0882,185.69,LSTM,3.19,66.2,9.1876,185.71,GRU,5.08,62.5,9.2873,184.18,GRU,5.19,65.74,11.4788,184.33,GRU,6.25,65.28,11.9099,191.8,GRU,32.07,89.81,13.5026,194.04,GRU,34.59,89.81,12.4643
ENGROH,2026-08-19,268.0,265.01,265.69,Random Forest,6.78,48.37,2.1413,264.76,XGBoost,1.11,51.22,3.949,269.19,GRU,0.92,52.78,10.2337,269.45,GRU,3.49,55.56,10.0209,263.42,Linear Regression,3.02,50.81,12.7973,263.95,Linear Regression,4.36,54.88,13.1906,261.95,Linear Regression,0.88,50.0,19.7727,262.75,Linear Regression,0.91,52.85,20.0757,236.72,Random Forest,0.46,52.03,38.568,232.88,XGBoost,0.32,52.03,37.9854
FABL,2026-08-19,97.6,97.06,97.28,Random Forest,9.03,66.26,0.4444,97.0,XGBoost,2.38,53.66,1.1209,96.21,Linear Regression,-2.06,47.15,2.3497,96.24,Linear Regression,-1.9,46.75,2.4768,97.22,LSTM,-1.69,62.96,3.613,96.06,Linear Regression,-3.45,50.0,3.5844,95.32,Linear Regression,-4.84,50.81,4.9476,95.53,Linear Regression,-4.69,50.41,4.9594,105.64,GRU,6.31,74.07,7.3467,106.11,GRU,1.91,70.83,7.4735
FATIMA,2026-08-19,160.0,161.25,161.76,Random Forest,-5.63,48.78,0.4757,161.52,LSTM,-0.32,50.93,1.2977,165.7,GRU,7.94,67.13,2.0939,166.66,GRU,4.54,62.04,2.4114,162.54,Linear Regression,1.17,55.28,3.0186,162.85,Linear Regression,1.62,54.88,3.1727,163.04,Linear Regression,8.88,54.47,4.044,163.37,Linear Regression,8.33,53.25,4.0988,160.47,GRU,26.92,89.81,6.8297,166.09,GRU,29.94,92.59,6.8083
FCCL,2026-08-19,55.26,55.74,55.73,Linear Regression,14.16,67.89,0.2081,55.83,LSTM,-0.42,49.07,0.7151,57.22,LSTM,3.46,63.43,1.436,55.6,XGBoost,2.34,57.72,1.4062,55.88,Linear Regression,1.69,65.85,1.9878,56.0,Random Forest,3.02,58.94,2.0702,59.24,LSTM,16.27,74.54,2.6312,58.6,GRU,10.53,63.43,2.7898,56.77,Linear Regression,9.96,65.04,4.2988,56.84,Linear Regression,9.7,65.04,4.256
FFC,2026-08-19,548.0,542.89,544.16,Random Forest,8.89,70.73,2.3457,543.8,LSTM,0.65,56.48,6.493,545.52,LSTM,7.01,58.8,13.188,542.04,LSTM,6.18,62.5,13.225,543.43,Linear Regression,6.12,63.41,16.755,544.24,Linear Regression,6.71,67.07,17.0283,543.68,LSTM,14.34,68.98,24.9722,542.52,LSTM,9.46,62.04,23.793,552.4,GRU,14.93,81.02,48.5827,552.05,GRU,15.14,79.17,47.7345
FFL,2026-08-19,16.12,16.08,16.14,LSTM,17.57,75.93,0.1095,16.08,Linear Regression,-0.2,49.59,0.3005,16.32,GRU,9.31,56.94,0.6134,16.26,GRU,8.03,56.48,0.6538,16.11,LSTM,7.24,59.26,0.9644,16.03,Linear Regression,5.41,63.82,0.989,15.97,Linear Regression,8.36,66.67,1.3149,15.99,Linear Regression,8.22,68.29,1.3578,16.02,Linear Regression,7.51,78.86,2.7522,16.02,Linear Regression,7.94,78.86,2.7456
GADT,2026-08-19,320.0,323.49,322.66,Random Forest,-0.33,51.43,4.5149,324.03,LSTM,-1.12,47.78,5.1076,324.26,XGBoost,-0.31,51.43,10.6975,322.5,XGBoost,0.19,53.81,10.4957,319.99,XGBoost,1.84,57.62,13.8207,340.57,GRU,4.46,65.0,14.6439,336.32,GRU,3.46,61.11,16.9687,339.97,GRU,3.87,63.33,16.5439,350.0,Linear Regression,14.61,75.24,26.5801,351.26,Linear Regression,14.49,74.76,27.014
GAL,2026-08-19,634.51,621.98,624.54,XGBoost,22.77,72.36,2.444,621.96,XGBoost,2.83,56.5,8.681,628.34,XGBoost,7.99,55.69,18.8084,624.44,Random Forest,6.26,65.04,20.796,625.85,Random Forest,6.81,64.63,30.4744,626.15,Random Forest,6.61,68.7,31.4075,612.83,Random Forest,7.73,58.13,50.7428,600.2,Random Forest,8.01,60.16,51.596,546.05,Random Forest,9.25,63.82,77.4872,632.69,LSTM,18.88,66.2,80.7653
GHGL,2026-08-19,41.5,41.08,41.13,Random Forest,5.34,60.16,0.23,41.07,Linear Regression,1.35,59.76,0.5888,42.04,LSTM,3.41,49.07,1.1628,42.35,GRU,1.13,50.93,1.2353,41.47,Linear Regression,-1.62,48.37,1.6067,41.43,Linear Regression,-2.32,48.37,1.5925,41.72,Linear Regression,-2.82,51.22,1.9792,41.74,Linear Regression,-3.27,50.81,2.0168,42.74,Linear Regression,1.7,62.2,2.8625,42.78,Linear Regression,3.3,62.2,2.8095
GHNI,2026-08-19,1328.0,1311.31,1312.37,Random Forest,16.31,72.76,3.075,1312.69,Linear Regression,0.55,54.07,12.4307,1315.3,Linear Regression,0.74,54.88,24.8062,1322.38,LSTM,1.63,58.8,27.4773,1313.54,LSTM,0.75,62.5,41.3148,1329.62,Linear Regression,-0.46,54.88,41.9593,1326.76,Random Forest,5.34,64.63,59.3768,1316.01,LSTM,5.98,71.76,63.1481,1452.66,GRU,22.26,92.13,80.1172,1370.48,LSTM,26.99,74.54,73.8683
GLAXO,2026-08-19,344.19,340.44,341.01,Random Forest,8.91,58.13,2.9374,340.42,Random Forest,0.87,48.78,7.2292,340.06,LSTM,5.59,60.19,14.759,339.91,LSTM,4.92,65.74,14.966,341.01,LSTM,6.89,75.0,20.6379,337.55,Linear Regression,5.13,66.26,20.3278,344.05,LSTM,17.22,66.67,32.0664,327.04,Random Forest,8.44,56.91,28.8054,335.09,Linear Regression,5.88,69.51,68.979,334.16,LSTM,8.03,57.41,60.7707
HALEON,2026-08-19,733.2,726.1,728.07,LSTM,6.79,59.53,7.9645,725.65,XGBoost,3.13,57.55,14.9119,725.29,LSTM,4.86,58.6,32.6086,724.97,LSTM,4.52,57.67,32.9299,716.25,Linear Regression,5.89,64.08,41.7581,716.8,Linear Regression,7.22,65.31,43.5037,727.38,LSTM,14.84,84.19,70.6465,725.6,LSTM,6.95,79.53,72.7584,712.37,LSTM,4.35,66.98,152.2577,708.2,LSTM,8.08,80.0,156.0027
HBL,2026-08-19,325.45,320.36,321.04,Random Forest,4.94,62.6,0.8871,320.32,XGBoost,4.7,54.47,2.7324,322.16,Random Forest,2.48,53.66,7.1166,320.19,Random Forest,0.54,51.63,7.966,318.77,XGBoost,0.21,58.13,11.3505,316.83,XGBoost,0.85,59.35,11.6637,330.12,LSTM,-1.35,65.28,15.4978,336.44,LSTM,-0.55,43.98,15.188,326.68,LSTM,22.7,56.94,16.8121,317.19,GRU,14.79,54.17,19.1569
HCAR,2026-08-19,232.0,232.97,233.76,LSTM,13.17,73.15,2.6653,232.63,Linear Regression,0.61,57.32,8.5883,231.55,Linear Regression,0.27,54.88,18.6187,231.78,Linear Regression,-0.09,50.81,20.0913,233.82,LSTM,1.87,55.09,25.1284,230.92,Linear Regression,-0.34,54.47,27.27,228.87,Linear Regression,-0.37,55.28,33.6053,229.67,Linear Regression,-0.34,55.28,33.8857,246.06,LSTM,18.05,61.57,40.6824,219.8,Random Forest,-2.81,50.41,51.92
HINOON,2026-08-19,990.0,983.09,985.18,LSTM,1.85,65.28,14.141,984.74,LSTM,0.48,54.17,15.4975,982.0,LSTM,1.81,56.94,32.5677,980.6,XGBoost,5.51,61.79,31.9675,979.89,Random Forest,5.43,58.94,40.5287,978.5,Random Forest,3.22,57.72,40.7289,998.31,LSTM,6.63,63.89,57.1671,983.0,LSTM,0.81,43.98,55.0479,1008.41,GRU,2.38,60.65,118.5084,962.06,XGBoost,1.6,57.72,110.4391
HMB,2026-08-19,111.97,109.95,110.33,XGBoost,1.33,53.47,1.2006,109.92,XGBoost,0.11,49.8,1.3359,109.79,XGBoost,-0.04,55.92,3.2237,109.77,Random Forest,-0.46,57.55,3.2345,109.22,XGBoost,-1.51,55.1,4.7883,111.53,GRU,1.02,55.81,4.7623,110.38,LSTM,10.54,67.44,5.5541,109.87,LSTM,16.7,74.42,5.3202,109.43,XGBoost,27.68,81.22,8.737,108.59,XGBoost,27.86,82.86,8.7385
HUBC,2026-08-19,208.0,206.92,207.47,Random Forest,15.29,77.64,1.0956,207.27,LSTM,-0.03,51.85,3.162,206.46,Linear Regression,-1.66,54.07,6.2982,206.36,Linear Regression,-1.0,50.81,6.9102,206.05,Linear Regression,-0.94,57.32,9.9768,206.28,Linear Regression,-2.78,52.44,10.4549,205.06,Linear Regression,-0.15,56.91,16.1771,205.38,Linear Regression,-1.79,53.66,16.5162,199.15,GRU,8.37,65.28,30.0635,197.08,GRU,7.0,65.28,30.1817
HUMNL,2026-08-19,10.4,10.46,10.51,LSTM,11.22,62.96,0.1326,10.48,LSTM,-0.34,48.61,0.3927,10.44,XGBoost,0.35,54.88,0.8183,10.44,Linear Regression,-1.66,51.63,0.8934,10.42,Linear Regression,-1.97,47.97,1.2069,10.42,Linear Regression,-1.01,51.22,1.2454,10.44,Linear Regression,-4.58,49.59,1.6461,10.53,LSTM,0.27,47.22,1.7357,12.47,LSTM,6.61,63.43,2.346,10.74,LSTM,10.41,67.13,2.2553
IBFL,2026-08-18,276.0,265.03,266.46,LSTM,-1.13,51.03,10.2047,264.64,Linear Regression,-3.31,30.86,10.0182,265.86,Linear Regression,-2.87,50.29,19.3535,261.01,XGBoost,1.08,52.57,17.083,270.2,Linear Regression,-5.16,46.29,21.1083,267.37,LSTM,-5.74,44.14,17.4171,276.99,Linear Regression,-10.59,48.0,20.8707,275.98,Linear Regression,-18.68,47.43,18.9234,286.68,Linear Regression,-44.32,44.0,19.8113,286.21,Linear Regression,-73.65,30.29,18.5133
ILP,2026-08-19,100.75,99.72,100.13,XGBoost,10.73,67.89,0.7415,99.72,Random Forest,-0.03,50.81,1.5821,99.37,Linear Regression,-2.33,47.15,2.9916,99.38,Linear Regression,-1.3,50.41,3.2058,99.42,Linear Regression,-4.9,45.53,4.5042,99.46,Linear Regression,-3.95,47.97,4.7221,99.17,Linear Regression,-9.32,40.65,6.6223,103.53,GRU,-8.19,45.37,6.9011,123.28,LSTM,-15.67,56.48,7.2903,114.98,GRU,-20.26,47.69,7.0999
INDU,2026-08-19,1970.0,1963.17,1967.24,LSTM,3.68,69.44,32.3138,1966.47,LSTM,-2.37,50.0,23.8605,1969.75,LSTM,-3.24,44.44,49.4454,1960.11,LSTM,-1.36,50.93,47.3894,1977.15,LSTM,0.44,68.06,65.1073,1960.79,LSTM,-3.52,44.44,62.8413,1981.28,LSTM,15.61,76.85,85.2386,1961.82,LSTM,2.5,59.26,78.3565,2070.12,GRU,26.57,90.28,146.6314,2034.74,GRU,18.72,86.57,150.6877
INIL,2026-08-19,166.0,167.06,167.52,LSTM,15.86,75.46,1.4445,167.34,LSTM,-0.38,49.54,4.7849,167.77,Linear Regression,1.12,52.44,9.2224,167.8,Linear Regression,0.68,50.41,10.2672,169.19,LSTM,-0.77,57.87,15.4775,167.88,Linear Regression,-1.61,43.9,15.2218,169.18,Linear Regression,-3.29,47.15,18.6186,169.35,Linear Regression,-3.33,46.34,19.1517,192.97,LSTM,2.91,54.17,36.2972,188.28,LSTM,-5.7,49.54,39.6929
ISL,2026-08-19,91.1,95.31,95.7,LSTM,9.43,70.37,0.6482,95.79,Linear Regression,-1.06,46.34,1.95,96.17,Linear Regression,-0.19,54.47,3.9352,96.22,Linear Regression,-0.18,56.91,4.3255,102.23,GRU,2.32,52.31,5.5308,99.99,GRU,4.91,61.11,5.7531,97.15,Linear Regression,6.46,58.13,6.8729,102.33,LSTM,7.76,65.74,7.3722,101.01,Linear Regression,-3.73,45.53,14.9897,101.15,Linear Regression,-4.02,45.93,15.1046
JDWS,2026-08-19,868.0,891.36,891.26,LSTM,-0.68,50.83,20.9205,892.86,LSTM,-0.76,48.07,13.0676,887.54,Linear Regression,-2.0,40.28,32.254,889.97,LSTM,3.18,61.88,26.7927,892.85,LSTM,1.68,60.77,58.3458,880.0,GRU,3.28,60.77,46.6189,894.13,LSTM,19.14,77.9,65.8003,859.17,GRU,14.08,76.8,55.4385,883.44,Linear Regression,19.77,82.94,88.9255,883.04,Linear Regression,20.66,90.05,80.5916
JVDC,2026-08-19,143.0,143.21,143.82,XGBoost,2.09,49.55,1.0598,143.45,LSTM,-0.15,51.56,1.3388,143.1,Linear Regression,0.7,52.25,2.9057,144.74,LSTM,2.59,54.69,2.7928,144.49,LSTM,4.9,69.27,3.9027,144.5,LSTM,6.03,67.19,3.605,157.32,LSTM,16.9,73.96,4.9637,147.48,GRU,12.88,71.35,5.0531,148.81,Random Forest,12.67,73.42,7.1465,144.92,Random Forest,16.57,71.17,7.1278
KAPCO,2026-08-19,27.94,28.04,28.09,Random Forest,-2.56,50.0,0.463,28.06,Linear Regression,-0.67,53.66,0.6783,28.03,XGBoost,-0.42,55.28,1.6018,28.07,Linear Regression,0.55,55.28,1.7101,27.95,XGBoost,1.02,54.07,2.2939,28.33,GRU,3.73,61.11,2.3071,28.25,GRU,6.75,57.87,2.9532,28.29,GRU,7.43,59.26,3.0281,30.31,GRU,2.97,56.94,4.8185,30.76,GRU,3.15,56.02,4.8027
KEL,2026-08-19,7.26,7.18,7.22,LSTM,8.18,65.28,0.0563,7.19,LSTM,-1.11,42.59,0.1538,7.18,Linear Regression,-4.72,48.37,0.3351,7.15,Linear Regression,-0.13,52.03,0.3329,7.13,Linear Regression,-5.07,50.41,0.4658,7.16,LSTM,-0.53,47.22,0.4142,7.06,Linear Regression,-2.97,47.56,0.664,7.04,Linear Regression,2.03,55.28,0.6363,5.96,XGBoost,11.84,56.5,0.8701,6.93,Linear Regression,13.08,69.92,0.8487
KOHC,2026-08-19,97.0,97.09,97.53,LSTM,11.38,75.93,4.0782,97.12,Random Forest,1.63,58.94,7.9577,97.24,Linear Regression,-0.03,52.85,18.0621,97.39,Linear Regression,-0.9,51.22,19.435,98.17,LSTM,2.92,64.35,28.2267,97.7,Linear Regression,-0.3,59.35,28.224,97.92,Linear Regression,-4.41,50.81,40.6612,98.21,Linear Regression,-5.67,49.19,41.3188,111.07,LSTM,24.04,72.69,53.1573,104.51,LSTM,25.9,71.3,50.8721
KTML,2026-08-19,41.8,41.31,41.33,Linear Regression,-0.11,51.82,3.4963,41.3,Random Forest,-0.26,50.0,3.293,41.96,GRU,-0.73,57.37,7.7725,41.33,Linear Regression,0.2,59.55,6.4646,41.26,Linear Regression,0.5,61.36,8.9334,41.26,Linear Regression,0.18,62.73,8.6028,41.3,Linear Regression,5.52,64.09,11.9252,41.35,Linear Regression,5.7,69.09,11.9818,43.0,Linear Regression,15.09,70.91,22.9016,43.03,Linear Regression,15.22,69.55,22.1111
LCI,2026-08-19,222.5,224.49,225.03,LSTM,1.16,60.47,17.9225,224.87,LSTM,-0.48,50.7,20.6807,224.02,Linear Regression,-2.94,48.16,41.5614,227.33,GRU,0.42,57.67,41.9084,224.87,LSTM,-3.11,55.35,49.5858,227.17,GRU,-5.35,47.91,50.1632,225.61,LSTM,9.99,72.09,66.9398,223.3,Linear Regression,-6.29,47.76,67.0751,222.88,Linear Regression,-2.48,49.39,109.7769,222.94,Linear Regression,-2.53,51.43,109.1035
LOTCHEM,2026-08-19,27.03,27.04,27.14,XGBoost,9.98,65.04,0.1572,27.05,Linear Regression,-0.5,52.03,0.432,27.08,Linear Regression,-0.51,52.03,0.9427,27.02,LSTM,3.14,60.19,0.7979,27.08,Linear Regression,-2.8,52.44,1.4151,27.28,LSTM,1.89,61.11,0.914,26.97,Linear Regression,4.6,58.13,1.8253,26.97,Linear Regression,5.83,62.6,1.8414,27.19,Linear Regression,5.67,74.8,2.7611,27.19,Linear Regression,6.06,76.02,2.7498
LUCK,2026-08-19,439.3,437.2,438.81,LSTM,6.9,71.76,7.7664,437.03,Linear Regression,0.48,50.81,17.1764,444.59,GRU,4.91,54.63,38.1789,445.92,GRU,5.79,55.09,40.9731,441.35,GRU,1.57,51.85,53.6443,436.3,Linear Regression,1.95,63.41,56.2344,434.39,Linear Regression,1.03,54.88,66.0568,435.43,Linear Regression,0.26,57.32,68.0665,420.99,GRU,9.41,50.93,131.1112,421.41,GRU,8.87,50.93,132.5918
MARI,2026-08-19,667.32,660.72,662.34,LSTM,2.41,73.61,214.9966,660.68,Random Forest,2.15,54.47,204.9176,665.93,LSTM,-1.29,51.39,491.3096,661.73,LSTM,-0.79,46.76,498.7941,663.54,LSTM,-0.46,47.69,685.7602,660.08,LSTM,-0.01,42.59,697.3526,664.29,LSTM,1.8,61.57,933.4647,673.79,LSTM,1.04,64.81,924.0984,652.37,LSTM,-0.28,40.28,1271.3748,664.77,Random Forest,-2.61,45.12,1238.877
MCB,2026-08-19,407.0,405.42,406.26,LSTM,4.56,65.74,2.1108,405.48,Random Forest,0.71,54.47,4.584,410.76,GRU,-1.62,54.63,10.5205,406.81,LSTM,-0.45,46.76,11.3897,407.39,LSTM,-1.09,56.94,13.6832,405.17,GRU,2.74,56.02,13.4826,405.0,Linear Regression,-3.73,41.06,15.1562,405.62,Linear Regression,-2.97,42.68,15.0091,412.96,LSTM,16.86,62.96,14.8939,410.81,LSTM,18.21,64.81,17.9083
MEBL,2026-08-19,567.49,562.9,564.39,Random Forest,6.91,65.45,1.6296,562.81,XGBoost,2.6,60.57,4.3431,564.17,Linear Regression,-1.07,52.03,9.5859,564.8,Linear Regression,-1.56,49.59,10.6323,568.5,LSTM,-1.24,56.94,13.3254,574.02,GRU,-2.56,51.85,13.6528,567.43,Linear Regression,-10.07,31.71,16.8014,568.38,Linear Regression,-9.55,30.89,17.1464,572.63,Linear Regression,-15.72,28.46,29.2996,573.38,Linear Regression,-15.33,29.27,29.4156
MEHT,2026-08-19,140.0,140.4,141.16,LSTM,1.96,63.55,33.3024,140.64,LSTM,-0.78,44.86,25.7319,143.95,Linear Regression,-0.4,48.18,55.791,149.08,LSTM,-0.22,37.38,49.2842,150.47,LSTM,11.15,59.81,60.7609,155.33,Random Forest,-1.51,50.36,67.0837,164.37,GRU,6.5,54.21,82.6058,149.11,LSTM,16.07,66.36,69.26,179.47,GRU,24.54,69.16,121.8961,178.45,GRU,28.0,74.77,116.1265
MLCF,2026-08-19,98.53,98.13,98.41,Random Forest,11.99,67.89,0.2742,98.08,Linear Regression,-0.93,50.41,0.9749,98.4,Random Forest,2.79,58.13,1.6992,97.83,XGBoost,3.41,55.28,1.8743,99.11,Linear Regression,0.57,53.66,2.6342,98.93,Linear Regression,-0.35,53.66,2.6978,99.06,Linear Regression,2.13,55.28,3.0723,98.87,Linear Regression,4.67,62.2,3.1199,101.31,Linear Regression,14.1,68.29,5.3334,101.02,Linear Regression,13.7,70.33,5.3449
MTL,2026-08-19,299.99,301.86,302.83,LSTM,9.69,67.59,4.4195,302.33,Random Forest,0.23,49.19,10.9428,299.61,LSTM,1.37,56.48,25.3479,301.01,Linear Regression,-0.35,46.75,26.4608,298.92,Linear Regression,-1.13,48.78,34.1464,304.04,GRU,1.6,56.94,33.7192,296.79,Linear Regression,3.31,52.85,38.8566,297.28,Linear Regression,3.28,50.41,38.6865,342.19,GRU,7.48,54.63,67.5346,343.86,GRU,6.66,55.09,68.3589
MUREB,2026-08-19,900.0,899.99,901.73,LSTM,2.81,61.11,9.3305,901.5,LSTM,0.36,54.63,9.788,896.56,Random Forest,5.91,61.79,19.6175,898.78,Random Forest,7.23,58.54,20.8606,889.21,XGBoost,11.29,64.23,29.6529,895.16,Random Forest,11.85,65.85,31.3095,898.53,LSTM,12.61,60.65,46.3981,899.37,LSTM,15.2,65.28,45.107,841.71,Random Forest,24.17,65.45,48.3722,848.42,Random Forest,25.41,66.67,47.3015
NATF,2026-08-19,377.51,368.1,369.13,LSTM,5.46,68.06,1.8682,368.09,Random Forest,-0.75,50.41,3.3575,374.04,GRU,1.97,60.65,6.3369,374.65,GRU,-2.59,58.33,6.8922,368.81,LSTM,-0.31,57.87,8.9159,374.24,GRU,-2.23,60.19,9.2096,365.03,Linear Regression,-5.55,48.37,11.4877,365.15,Linear Regression,-6.07,46.75,11.4189,366.97,Linear Regression,1.87,44.72,17.416,366.51,Linear Regression,1.84,45.93,17.2214
NBP,2026-08-19,204.5,203.49,203.87,Random Forest,11.26,60.98,0.5398,203.48,Random Forest,3.31,52.85,1.5294,203.59,Linear Regression,-1.72,53.66,3.9439,203.78,Linear Regression,-0.83,48.78,4.2361,203.95,Linear Regression,-1.97,50.41,6.0721,204.12,Linear Regression,-1.99,51.63,6.1939,204.52,Linear Regression,-3.87,44.31,8.1285,204.86,Linear Regression,-4.01,43.09,8.06,182.65,XGBoost,18.38,82.11,10.0709,189.25,XGBoost,21.9,80.49,9.4383
NESTLE,2026-08-19,7540.0,7475.2,7481.0,LSTM,-0.57,48.35,123.0532,7479.26,Random Forest,-0.23,51.89,116.6946,7466.88,LSTM,-0.1,57.14,180.086,7481.13,LSTM,-0.46,45.05,162.2662,7458.05,Linear Regression,-1.26,55.66,253.8723,7486.02,Linear Regression,-6.92,51.42,227.5479,7425.83,Linear Regression,9.93,62.74,314.7326,7567.49,Random Forest,-5.46,56.6,346.2348,7219.87,Linear Regression,20.64,71.7,444.5594,7253.12,Linear Regression,13.55,72.17,460.7876
NETSOL,2026-08-19,121.0,120.93,121.07,Random Forest,18.05,77.24,1.4966,120.94,Linear Regression,-0.3,52.03,3.8079,120.81,Linear Regression,-0.65,51.22,8.0551,120.81,Linear Regression,-1.04,46.34,8.4719,120.67,Linear Regression,-1.37,50.41,11.0222,120.77,Linear Regression,-1.29,54.88,11.2483,120.52,Linear Regression,-2.06,44.31,15.2049,117.82,Random Forest,-2.42,61.38,16.2995,110.89,XGBoost,5.91,67.48,15.0609,111.82,XGBoost,4.28,63.01,14.1129
NML,2026-08-19,147.15,145.44,145.88,XGBoost,15.28,68.29,0.6603,145.3,XGBoost,4.5,54.88,1.9548,145.54,XGBoost,4.18,59.35,5.4617,145.01,XGBoost,3.13,60.57,6.0196,149.61,GRU,2.96,65.28,9.2128,146.74,LSTM,0.87,60.65,9.3767,150.11,GRU,3.18,58.33,10.6385,149.21,GRU,3.1,65.28,10.7088,137.49,XGBoost,2.4,55.69,17.4347,148.66,Linear Regression,1.6,57.72,17.1196
OGDC,2026-08-19,316.1,314.34,315.11,Random Forest,13.91,69.92,1.4578,313.31,XGBoost,0.62,53.66,4.0292,314.39,XGBoost,7.11,55.69,7.7019,314.01,LSTM,3.06,54.63,7.14,315.21,LSTM,8.92,68.06,9.356,313.28,Linear Regression,4.02,57.72,11.2441,312.09,Linear Regression,8.92,59.76,13.1211,317.14,LSTM,11.6,70.37,12.1384,314.27,Linear Regression,7.66,72.76,24.6939,314.35,Linear Regression,7.01,71.95,24.726
PABC,2026-08-19,105.5,104.97,105.29,XGBoost,12.63,59.76,0.7812,104.97,Random Forest,1.24,58.54,2.2897,106.63,GRU,0.12,55.09,5.2782,104.86,XGBoost,-0.64,51.22,5.3533,105.81,LSTM,2.35,64.81,8.5865,104.62,Random Forest,0.76,61.38,8.1011,104.25,Random Forest,5.86,72.36,11.0074,104.0,Random Forest,3.93,69.92,11.4007,101.81,XGBoost,28.1,82.11,14.0783,103.26,XGBoost,26.54,83.74,14.0276
PAEL,2026-08-19,41.82,41.03,41.13,Random Forest,16.23,71.95,0.2154,40.99,XGBoost,1.8,49.59,0.8116,40.9,Linear Regression,0.97,44.72,1.5912,40.86,Linear Regression,0.24,47.97,1.7798,40.92,Linear Regression,0.48,46.75,2.3091,41.35,LSTM,1.13,57.41,2.4841,40.81,Linear Regression,1.71,50.81,3.4426,40.83,Linear Regression,0.93,50.0,3.5179,41.22,Linear Regression,7.66,59.76,5.6763,41.18,Linear Regression,6.79,59.35,5.6791
PAKT,2026-08-19,1398.89,1375.67,1376.81,LSTM,0.4,52.88,28.4548,1377.98,LSTM,-0.45,49.74,27.5413,1371.98,XGBoost,2.03,61.54,59.1128,1374.41,Linear Regression,0.07,51.58,61.3228,1373.17,Linear Regression,0.71,53.85,85.3713,1375.59,LSTM,0.19,42.93,93.5849,1361.14,Random Forest,4.69,57.01,120.9327,1312.07,XGBoost,5.99,62.9,119.0746,1282.03,XGBoost,3.98,59.28,184.4225,1312.54,XGBoost,4.9,59.28,182.2969
PGLC,2026-08-19,16.55,16.03,15.96,XGBoost,6.1,54.46,0.4975,15.97,XGBoost,4.32,52.23,0.5218,16.1,Random Forest,2.12,56.7,1.6356,16.13,LSTM,0.83,54.64,1.7391,16.34,Random Forest,5.79,64.29,2.4682,16.1,Random Forest,7.77,60.27,2.3048,17.15,GRU,3.51,63.4,3.6783,17.03,GRU,2.97,63.92,3.4853,18.08,XGBoost,17.83,84.38,4.5244,18.08,XGBoost,20.05,83.93,4.2603
PIBTL,2026-08-19,16.79,16.43,16.46,Random Forest,11.73,71.14,0.1137,16.43,Random Forest,1.06,52.85,0.2286,16.43,Linear Regression,1.32,55.28,0.5107,16.37,Linear Regression,2.6,62.2,0.5069,16.33,GRU,5.74,61.57,0.633,16.3,Linear Regression,3.71,64.63,0.6371,16.32,Linear Regression,6.63,69.11,0.7458,16.42,LSTM,10.72,65.74,0.6789,15.79,GRU,16.72,62.5,1.2657,15.59,GRU,17.52,58.8,1.224
PIOC,2026-08-19,269.0,268.35,268.87,LSTM,8.2,64.81,1.675,268.8,LSTM,-0.08,51.85,4.8578,267.82,Linear Regression,0.14,52.44,9.1918,267.76,Linear Regression,-0.5,52.03,9.8267,268.32,Linear Regression,-0.23,52.44,13.1032,268.82,Linear Regression,-0.71,52.85,13.6792,268.4,Linear Regression,-2.02,56.1,17.4139,268.64,Linear Regression,-1.63,58.13,17.7066,276.49,LSTM,1.16,46.76,25.5731,273.58,LSTM,20.36,73.61,21.6115
PKGS,2026-08-19,784.0,784.2,782.59,Random Forest,-2.16,53.88,6.7887,783.99,XGBoost,-0.29,45.71,10.8173,782.14,Linear Regression,0.62,53.88,21.2685,781.99,Linear Regression,1.84,56.73,24.7484,780.6,Linear Regression,3.26,62.45,33.7184,781.25,Linear Regression,3.28,59.59,36.8909,774.34,GRU,-1.73,50.7,51.4663,763.48,XGBoost,-1.55,58.78,55.4401,743.07,GRU,7.08,70.23,54.4187,733.38,GRU,5.85,66.51,56.4603
POL,2026-08-19,716.0,715.12,716.6,LSTM,9.07,69.91,5.4861,716.32,LSTM,0.03,54.63,10.2052,717.79,Linear Regression,-1.83,51.63,18.5634,718.89,Linear Regression,-1.34,50.41,20.63,723.18,LSTM,1.03,63.89,28.2263,710.92,GRU,-1.43,56.02,29.0896,728.02,Linear Regression,-3.48,53.66,38.0654,728.95,Linear Regression,-2.25,53.25,38.6142,708.59,Random Forest,-5.25,54.47,61.2566,706.39,Random Forest,-4.96,45.53,61.8276
POWER,2026-08-19,21.8,21.79,21.91,LSTM,8.39,59.72,0.0812,21.8,Linear Regression,0.29,53.66,0.2166,21.86,XGBoost,1.84,52.85,0.4372,21.82,XGBoost,2.46,54.88,0.4701,21.94,Linear Regression,-0.36,54.47,0.6494,21.96,Linear Regression,-2.23,55.28,0.6553,21.67,XGBoost,3.01,63.41,0.7859,21.68,XGBoost,3.07,65.04,0.7977,22.95,Linear Regression,14.78,65.45,1.3547,22.97,Linear Regression,13.9,62.6,1.368
PPL,2026-08-19,237.0,236.47,237.25,Random Forest,11.58,74.8,1.4605,236.56,Linear Regression,0.18,52.85,3.4301,238.14,Linear Regression,3.13,56.1,6.9055,237.7,LSTM,3.88,50.46,6.9029,236.18,Random Forest,7.93,58.54,9.7543,234.89,Random Forest,10.07,58.13,9.8543,226.33,Random Forest,10.43,45.53,13.4557,256.71,LSTM,10.6,63.43,14.4142,245.68,Linear Regression,2.74,66.67,28.3942,245.7,Linear Regression,2.97,67.07,28.2599
PSEL,2026-08-19,933.9,919.32,920.98,LSTM,0.18,52.94,41.1571,919.32,Random Forest,0.85,47.5,23.3444,922.57,Linear Regression,-0.12,50.0,54.2911,922.66,Linear Regression,-2.36,49.5,45.1482,911.24,Random Forest,-1.38,50.5,71.0129,927.65,Linear Regression,-2.69,51.5,60.199,930.55,LSTM,5.25,55.29,71.018,940.98,Linear Regression,4.95,56.5,66.5021,951.62,Linear Regression,11.43,56.0,117.1297,950.32,Linear Regression,10.42,52.0,114.7458
PSO,2026-08-19,385.0,375.85,377.37,LSTM,17.88,74.54,2.0816,383.59,GRU,2.96,58.33,6.1,387.96,GRU,8.84,58.33,12.993,385.42,GRU,8.1,54.17,14.6779,389.92,GRU,8.91,61.57,23.7634,375.63,Random Forest,9.3,52.03,26.7307,384.26,Linear Regression,5.95,66.67,38.0362,384.13,Linear Regression,5.94,65.85,38.8931,388.59,Linear Regression,4.95,75.2,74.2046,388.57,Linear Regression,5.14,78.05,74.4115
PSX,2026-08-19,51.78,51.0,51.13,Random Forest,11.45,63.41,0.1979,50.93,XGBoost,3.63,53.66,0.4379,51.02,XGBoost,2.81,52.03,1.4746,50.82,XGBoost,2.24,58.94,1.6367,52.8,GRU,5.45,63.89,2.0448,53.24,GRU,5.21,62.5,2.149,53.03,LSTM,13.21,72.69,2.6032,52.52,LSTM,16.5,75.46,2.569,52.93,GRU,19.07,81.02,3.2906,51.24,LSTM,20.18,82.41,3.651
PTC,2026-08-19,70.5,71.6,71.86,Random Forest,16.19,63.82,0.1909,71.74,Random Forest,1.7,50.0,0.6192,71.83,Linear Regression,0.9,52.03,1.3468,72.31,LSTM,1.43,47.69,1.4172,71.92,Linear Regression,2.1,54.47,2.0923,72.0,LSTM,2.04,57.87,2.1443,71.3,Random Forest,4.83,60.57,3.1794,71.09,Random Forest,8.14,61.38,3.1079,91.54,Random Forest,5.43,57.72,5.0229,80.63,Random Forest,8.32,58.94,5.0433
RMPL,2026-08-19,9497.0,9307.02,9308.11,LSTM,0.13,53.85,115.9734,9334.73,Random Forest,0.67,50.47,134.7212,9327.61,Linear Regression,-0.44,53.77,262.8978,9297.84,Random Forest,3.68,64.15,234.2139,9445.82,Linear Regression,0.8,54.72,326.6827,9474.44,Linear Regression,-3.08,49.53,324.765,9445.51,Linear Regression,1.34,61.79,440.0419,9320.51,Random Forest,16.33,49.53,330.702,9275.01,Linear Regression,11.34,68.87,914.9329,9298.07,Linear Regression,10.25,67.45,946.0486
SAZEW,2026-08-19,1779.1,1752.28,1757.09,XGBoost,15.52,68.29,9.5775,1752.17,Random Forest,2.3,54.47,25.5661,1778.32,GRU,3.91,62.96,56.7464,1749.55,LSTM,0.2,58.33,60.8126,1745.31,Linear Regression,-0.92,46.75,82.1567,1751.22,LSTM,-0.35,59.72,87.7644,1735.41,Linear Regression,-0.41,52.03,120.3843,1795.06,XGBoost,2.66,56.1,112.5154,1617.78,XGBoost,19.96,83.74,222.7754,1525.71,XGBoost,18.19,80.08,208.3464
SCBPL,2026-08-19,66.01,66.88,67.02,LSTM,3.5,57.41,0.9598,67.0,Linear Regression,-0.75,49.59,1.2951,67.3,Linear Regression,-3.09,46.75,3.2201,67.31,Linear Regression,-3.87,40.65,3.4777,67.68,LSTM,-0.52,59.26,5.3491,67.6,Linear Regression,-3.22,42.68,5.2527,68.44,Linear Regression,-2.94,43.9,7.0237,68.42,Linear Regression,-3.95,39.02,7.0526,69.88,Linear Regression,-6.3,36.18,11.9028,69.76,Linear Regression,-7.01,35.37,12.0289
SEARL,2026-08-19,89.52,88.61,88.73,Linear Regression,20.18,67.48,0.5864,88.55,Linear Regression,0.16,54.07,2.1357,90.16,GRU,-0.07,57.87,5.1301,88.22,Linear Regression,0.54,54.07,5.6186,90.27,GRU,2.4,56.48,7.6901,88.15,Random Forest,4.94,54.88,7.0068,86.78,XGBoost,0.42,53.25,9.5076,90.33,LSTM,4.32,62.04,10.2037,89.38,LSTM,1.25,62.96,18.8493,88.3,Linear Regression,-0.12,62.2,19.4641
SHFA,2026-08-19,494.94,481.47,481.76,Random Forest,10.56,64.41,4.7009,482.28,LSTM,0.35,51.46,8.6816,479.76,Linear Regression,1.57,55.93,16.6898,481.1,XGBoost,5.01,57.2,16.2683,479.65,Linear Regression,6.32,64.41,26.1776,478.82,Random Forest,9.13,64.83,25.4149,479.06,Linear Regression,7.48,61.44,43.4286,471.66,XGBoost,8.42,56.36,39.2307,464.79,Random Forest,11.72,58.05,86.9681,460.45,Random Forest,13.55,58.9,90.5182
SNGP,2026-08-19,104.1,102.36,102.62,Random Forest,12.19,69.92,0.6412,102.53,LSTM,-0.04,51.39,1.9935,102.38,Random Forest,3.89,59.76,3.9378,104.59,GRU,5.69,60.19,4.1548,107.83,GRU,11.41,66.67,5.2168,106.15,GRU,7.55,64.81,5.392,107.99,GRU,16.17,71.3,7.1304,106.28,GRU,13.56,64.81,7.2696,105.67,Linear Regression,7.6,75.61,12.4525,105.59,Linear Regression,7.49,74.39,12.4849
SRVI,2026-08-19,2212.0,2220.88,2216.77,Linear Regression,1.13,56.1,21.1076,2224.61,LSTM,-0.28,50.0,28.9455,2227.37,Linear Regression,0.72,56.5,63.2157,2223.7,LSTM,1.68,56.48,69.6456,2264.33,GRU,3.17,56.02,87.9737,2242.43,Linear Regression,0.59,57.32,91.3221,2322.11,GRU,4.16,61.57,131.9229,2231.27,LSTM,14.92,76.85,126.395,2569.08,GRU,25.25,64.35,172.0224,2561.48,GRU,24.63,67.13,176.5867
SSGC,2026-08-19,29.49,28.49,28.53,Random Forest,24.63,67.48,0.3134,28.49,Random Forest,8.64,45.93,0.7465,28.51,XGBoost,8.59,51.63,2.0905,28.56,Linear Regression,6.36,64.63,2.3623,28.03,XGBoost,10.6,56.91,3.2952,28.67,Linear Regression,9.24,71.14,3.4793,28.97,Linear Regression,7.75,73.98,5.8252,28.82,Linear Regression,6.82,75.61,5.9511,29.61,Linear Regression,2.71,79.67,12.9884,25.49,XGBoost,3.15,67.89,12.7403
SSOM,2026-08-19,454.49,450.82,450.96,Random Forest,7.41,57.49,2.848,450.45,XGBoost,1.57,53.29,3.1062,449.01,Random Forest,1.45,53.29,6.9199,454.83,GRU,2.58,56.2,6.4288,447.39,Random Forest,2.98,58.08,7.5321,446.53,XGBoost,1.26,58.68,7.2182,440.34,Random Forest,1.18,53.29,8.6551,440.08,Random Forest,8.75,57.49,8.7841,445.16,Linear Regression,9.71,67.07,32.5371,443.86,LSTM,22.72,80.29,38.1487
SYS,2026-08-19,128.75,127.25,127.8,LSTM,7.79,73.15,3.4291,127.17,Linear Regression,0.74,54.47,10.2255,126.7,Linear Regression,2.4,53.66,19.3057,126.52,Linear Regression,3.2,57.72,19.8759,126.3,Linear Regression,1.95,52.85,27.6343,126.31,Linear Regression,1.83,54.07,28.6764,124.23,XGBoost,4.22,59.76,38.7877,123.01,XGBoost,0.85,56.5,39.8971,119.17,GRU,-0.63,54.17,63.9742,118.15,GRU,-2.65,53.7,65.511
TGL,2026-08-19,183.5,179.91,180.34,Random Forest,9.15,62.6,0.8939,179.93,Random Forest,1.01,52.03,2.746,185.57,GRU,3.51,56.94,5.7397,186.27,GRU,-0.75,54.17,5.8559,178.73,Linear Regression,2.77,57.32,6.1416,178.89,Linear Regression,3.0,56.5,6.1439,178.32,Linear Regression,1.52,45.93,7.8718,181.62,LSTM,7.64,68.06,8.033,183.3,Linear Regression,8.52,53.66,13.8443,183.29,Linear Regression,8.8,53.66,13.8136
THALL,2026-08-19,564.0,552.62,554.45,LSTM,-0.1,49.28,12.1968,552.43,XGBoost,0.29,49.79,10.7323,549.27,Linear Regression,-0.57,53.14,25.3356,548.63,Linear Regression,-0.2,53.97,24.7383,547.11,Linear Regression,-0.65,46.03,33.6571,547.07,Linear Regression,-0.44,46.03,34.101,544.79,Linear Regression,-5.62,44.35,43.6363,545.23,Linear Regression,-5.02,44.35,44.2625,534.25,LSTM,24.23,77.99,45.7412,534.86,LSTM,26.7,82.3,58.5277
TRG,2026-08-19,59.49,59.97,60.25,LSTM,12.33,75.46,0.8755,60.02,Linear Regression,0.49,52.44,1.8681,60.02,Linear Regression,1.2,58.13,4.0492,59.94,Random Forest,1.58,58.94,4.4478,60.83,LSTM,4.87,50.46,4.7216,59.95,LSTM,5.43,57.87,4.7496,59.9,Linear Regression,7.36,65.45,6.2118,59.9,Linear Regression,8.53,67.07,6.2768,56.12,GRU,7.74,60.65,9.9424,57.14,GRU,9.69,63.43,9.192
UBL,2026-08-19,458.5,453.66,454.74,Random Forest,5.99,70.73,2.0877,454.42,LSTM,0.43,54.17,4.8812,456.84,LSTM,3.67,60.65,10.4515,454.88,LSTM,4.19,57.41,11.4133,459.07,GRU,5.57,60.19,14.8717,466.53,GRU,9.17,73.61,14.4751,460.39,LSTM,22.67,73.61,17.797,454.42,LSTM,26.17,74.54,17.9092,450.93,Random Forest,25.82,66.67,26.2128,457.41,LSTM,29.32,76.39,23.5015
UNITY,2026-08-19,11.09,10.9,10.94,Random Forest,6.44,68.7,0.2322,10.89,XGBoost,0.55,54.47,0.6527,10.98,Linear Regression,0.41,57.72,1.5631,10.93,Linear Regression,1.28,58.54,1.6761,11.02,Linear Regression,-0.17,59.76,2.446,10.98,Linear Regression,-0.25,58.94,2.5201,11.03,Linear Regression,-2.96,56.1,3.5428,11.0,Linear Regression,-2.89,54.47,3.5572,13.07,GRU,-4.27,41.67,5.6656,13.27,GRU,-5.78,42.13,5.8641
UPFL,2026-08-19,25200.0,25273.97,25253.3,LSTM,-4.17,36.72,330.0512,25306.96,Random Forest,0.24,53.14,291.3511,25257.65,LSTM,2.26,58.76,438.4812,25384.85,LSTM,-4.96,42.94,395.8631,25398.71,LSTM,-5.4,50.85,687.0786,25655.25,LSTM,-15.11,44.07,643.8641,26241.2,Linear Regression,-6.96,49.28,1127.0531,26106.59,LSTM,-8.42,48.59,1029.8281,30590.78,GRU,24.39,62.71,1799.6354,25486.96,Linear Regression,4.83,68.6,2521.8593
YOUW,2026-08-19,5.28,5.17,5.21,XGBoost,5.88,61.79,0.1022,5.18,LSTM,-0.72,43.06,0.2267,5.16,Linear Regression,-5.82,46.75,0.4266,5.15,Linear Regression,-6.01,45.12,0.4754,5.13,Linear Regression,-8.74,49.19,0.6996,5.2,LSTM,-2.34,43.52,0.7203,5.3,LSTM,-7.71,56.02,1.0082,5.05,GRU,-10.08,44.91,1.0171,4.79,GRU,-18.4,47.22,1.1399,5.04,GRU,-14.74,53.7,1.1155
